fold,annee_fin_train,annee,y_true,modele,y_pred,variable
1,1987,1988,12.375654596100278,regression_lineaire,11.960342432132673,temperature
1,1987,1988,12.375654596100278,arima,11.683208630442664,temperature
1,1987,1988,12.375654596100278,prophet,12.227608687613065,temperature
1,1987,1988,12.375654596100278,random_forest,11.596457254496514,temperature
1,1987,1988,12.375654596100278,xgboost,11.61954116821289,temperature
1,1987,1989,12.836683417085426,regression_lineaire,11.97659390902955,temperature
1,1987,1989,12.836683417085426,arima,11.692901131565158,temperature
1,1987,1989,12.836683417085426,prophet,12.254038557044257,temperature
1,1987,1989,12.836683417085426,random_forest,11.596457254496514,temperature
1,1987,1989,12.836683417085426,xgboost,11.61954116821289,temperature
1,1987,1990,12.916012725344643,regression_lineaire,11.992845385926419,temperature
1,1987,1990,12.916012725344643,arima,11.693751015121197,temperature
1,1987,1990,12.916012725344643,prophet,12.280396213717438,temperature
1,1987,1990,12.916012725344643,random_forest,11.596457254496514,temperature
1,1987,1990,12.916012725344643,xgboost,11.61954116821289,temperature
1,1987,1991,11.920995893223818,regression_lineaire,12.009096862823288,temperature
1,1987,1991,11.920995893223818,arima,11.693825536862253,temperature
1,1987,1991,11.920995893223818,prophet,12.30675387039062,temperature
1,1987,1991,11.920995893223818,random_forest,11.596457254496514,temperature
1,1987,1991,11.920995893223818,xgboost,11.61954116821289,temperature
1,1987,1992,12.275700458481916,regression_lineaire,12.025348339720164,temperature
1,1987,1992,12.275700458481916,arima,11.693832071274938,temperature
1,1987,1992,12.275700458481916,prophet,12.333111527063803,temperature
1,1987,1992,12.275700458481916,random_forest,11.596457254496514,temperature
1,1987,1992,12.275700458481916,xgboost,11.61954116821289,temperature
2,1992,1993,11.930450953045096,regression_lineaire,12.138933069745434,temperature
2,1992,1993,11.930450953045096,arima,12.25492062885257,temperature
2,1992,1993,11.930450953045096,prophet,12.407796306781464,temperature
2,1992,1993,11.930450953045096,random_forest,12.281236704687474,temperature
2,1992,1993,11.930450953045096,xgboost,12.246133804321289,temperature
2,1992,1994,13.246978021978023,regression_lineaire,12.156715357070205,temperature
2,1992,1994,13.246978021978023,arima,12.251841061085617,temperature
2,1992,1994,13.246978021978023,prophet,12.435242594282998,temperature
2,1992,1994,13.246978021978023,random_forest,12.281236704687474,temperature
2,1992,1994,13.246978021978023,xgboost,12.246133804321289,temperature
2,1992,1995,12.93383017163505,regression_lineaire,12.174497644394975,temperature
2,1992,1995,12.93383017163505,arima,12.2513846695848,temperature
2,1992,1995,12.93383017163505,prophet,12.462688881784532,temperature
2,1992,1995,12.93383017163505,random_forest,12.281236704687474,temperature
2,1992,1995,12.93383017163505,xgboost,12.246133804321289,temperature
2,1992,1996,11.906263882718791,regression_lineaire,12.192279931719739,temperature
2,1992,1996,11.906263882718791,arima,12.25131703242992,temperature
2,1992,1996,11.906263882718791,prophet,12.490135169286068,temperature
2,1992,1996,11.906263882718791,random_forest,12.281236704687474,temperature
2,1992,1996,11.906263882718791,xgboost,12.246133804321289,temperature
2,1992,1997,13.23753846153846,regression_lineaire,12.21006221904451,temperature
2,1992,1997,13.23753846153846,arima,12.25130700861328,temperature
2,1992,1997,13.23753846153846,prophet,12.517656652095825,temperature
2,1992,1997,13.23753846153846,random_forest,12.281236704687474,temperature
2,1992,1997,13.23753846153846,xgboost,12.246133804321289,temperature
3,1997,1998,12.56346499102334,regression_lineaire,12.322776273374174,temperature
3,1997,1998,12.56346499102334,arima,12.732548351744827,temperature
3,1997,1998,12.56346499102334,prophet,12.593297181065118,temperature
3,1997,1998,12.56346499102334,random_forest,12.928238338985675,temperature
3,1997,1998,12.56346499102334,xgboost,13.07121753692627,temperature
3,1997,1999,12.991107871720118,regression_lineaire,12.341985223221627,temperature
3,1997,1999,12.991107871720118,arima,12.682264511606647,temperature
3,1997,1999,12.991107871720118,prophet,12.621582145321103,temperature
3,1997,1999,12.991107871720118,random_forest,12.928238338985675,temperature
3,1997,1999,12.991107871720118,xgboost,13.07121753692627,temperature
3,1997,2000,13.174625422909616,regression_lineaire,12.36119417306908,temperature
3,1997,2000,13.174625422909616,arima,12.677257552994972,temperature
3,1997,2000,13.174625422909616,prophet,12.649867109577091,temperature
3,1997,2000,13.174625422909616,random_forest,12.928238338985675,temperature
3,1997,2000,13.174625422909616,xgboost,13.07121753692627,temperature
3,1997,2001,12.75603015075377,regression_lineaire,12.380403122916533,temperature
3,1997,2001,12.75603015075377,arima,12.676758990544885,temperature
3,1997,2001,12.75603015075377,prophet,12.678229566885834,temperature
3,1997,2001,12.75603015075377,random_forest,12.928238338985675,temperature
3,1997,2001,12.75603015075377,xgboost,13.07121753692627,temperature
3,1997,2002,13.26589186457807,regression_lineaire,12.399612072763986,temperature
3,1997,2002,13.26589186457807,arima,12.676709346731961,temperature
3,1997,2002,13.26589186457807,prophet,12.70651453114182,temperature
3,1997,2002,13.26589186457807,random_forest,12.928238338985675,temperature
3,1997,2002,13.26589186457807,xgboost,13.07121753692627,temperature
4,2002,2003,13.528214285714286,regression_lineaire,12.530390154124788,temperature
4,2002,2003,13.528214285714286,arima,13.007123806827954,temperature
4,2002,2003,13.528214285714286,prophet,12.810686797027552,temperature
4,2002,2003,13.528214285714286,random_forest,13.126236472829133,temperature
4,2002,2003,13.528214285714286,xgboost,13.104755401611328,temperature
4,2002,2004,12.602074898785425,regression_lineaire,12.551194785658247,temperature
4,2002,2004,12.602074898785425,arima,12.98880834128262,temperature
4,2002,2004,12.602074898785425,prophet,12.84074076966465,temperature
4,2002,2004,12.602074898785425,random_forest,13.126236472829133,temperature
4,2002,2004,12.602074898785425,xgboost,13.104755401611328,temperature
4,2002,2005,12.574121242995416,regression_lineaire,12.571999417191698,temperature
4,2002,2005,12.574121242995416,arima,12.987511982369318,temperature
4,2002,2005,12.574121242995416,prophet,12.87087708195281,temperature
4,2002,2005,12.574121242995416,random_forest,13.126236472829133,temperature
4,2002,2005,12.574121242995416,xgboost,13.104755401611328,temperature
4,2002,2006,13.316237113402062,regression_lineaire,12.592804048725156,temperature
4,2002,2006,13.316237113402062,arima,12.987420226774685,temperature
4,2002,2006,13.316237113402062,prophet,12.90093105458991,temperature
4,2002,2006,13.316237113402062,random_forest,13.126236472829133,temperature
4,2002,2006,13.316237113402062,xgboost,13.104755401611328,temperature
4,2002,2007,12.823152173913044,regression_lineaire,12.613608680258615,temperature
4,2002,2007,12.823152173913044,arima,12.987413732362482,temperature
4,2002,2007,12.823152173913044,prophet,12.93098502722701,temperature
4,2002,2007,12.823152173913044,random_forest,13.126236472829133,temperature
4,2002,2007,12.823152173913044,xgboost,13.104755401611328,temperature
5,2007,2008,12.4470066518847,regression_lineaire,12.70535808884783,temperature
5,2007,2008,12.4470066518847,arima,12.928618115578308,temperature
5,2007,2008,12.4470066518847,prophet,13.014588069872271,temperature
5,2007,2008,12.4470066518847,random_forest,12.914350430303278,temperature
5,2007,2008,12.4470066518847,xgboost,12.967774391174316,temperature
5,2007,2009,12.727484020918071,regression_lineaire,12.72712742192617,temperature
5,2007,2009,12.727484020918071,arima,12.936890259065354,temperature
5,2007,2009,12.727484020918071,prophet,13.046247886264565,temperature
5,2007,2009,12.727484020918071,random_forest,12.914350430303278,temperature
5,2007,2009,12.727484020918071,xgboost,12.967774391174316,temperature
5,2007,2010,11.52077443146896,regression_lineaire,12.748896755004509,temperature
5,2007,2010,11.52077443146896,arima,12.93753907854954,temperature
5,2007,2010,11.52077443146896,prophet,13.07782120042628,temperature
5,2007,2010,11.52077443146896,random_forest,12.914350430303278,temperature
5,2007,2010,11.52077443146896,xgboost,12.967774391174316,temperature
5,2007,2011,13.36627620221948,regression_lineaire,12.77066608808284,temperature
5,2007,2011,13.36627620221948,arima,12.9375899682281,temperature
5,2007,2011,13.36627620221948,prophet,13.109394514587992,temperature
5,2007,2011,13.36627620221948,random_forest,12.914350430303278,temperature
5,2007,2011,13.36627620221948,xgboost,12.967774391174316,temperature
5,2007,2012,12.439371069182387,regression_lineaire,12.79243542116118,temperature
5,2007,2012,12.439371069182387,arima,12.937593959722571,temperature
5,2007,2012,12.439371069182387,prophet,13.140967828749707,temperature
5,2007,2012,12.439371069182387,random_forest,12.914350430303278,temperature
5,2007,2012,12.439371069182387,xgboost,12.967774391174316,temperature
6,2012,2013,11.92957095709571,regression_lineaire,12.77155603710887,temperature
6,2012,2013,11.92957095709571,arima,12.600099030486769,temperature
6,2012,2013,11.92957095709571,prophet,13.028087062941992,temperature
6,2012,2013,11.92957095709571,random_forest,12.634286545840615,temperature
6,2012,2013,11.92957095709571,xgboost,12.522560119628906,temperature
6,2012,2014,13.425326909841706,regression_lineaire,12.792770218248624,temperature
6,2012,2014,13.425326909841706,arima,12.60498588322428,temperature
6,2012,2014,13.425326909841706,prophet,13.057042170552759,temperature
6,2012,2014,13.425326909841706,random_forest,12.634286545840615,temperature
6,2012,2014,13.425326909841706,xgboost,12.522560119628906,temperature
6,2012,2015,13.189183222958055,regression_lineaire,12.813984399388378,temperature
6,2012,2015,13.189183222958055,arima,12.605134465521251,temperature
6,2012,2015,13.189183222958055,prophet,13.085997278163523,temperature
6,2012,2015,13.189183222958055,random_forest,12.634286545840615,temperature
6,2012,2015,13.189183222958055,xgboost,12.522560119628906,temperature
6,2012,2016,12.824598930481285,regression_lineaire,12.835198580528132,temperature
6,2012,2016,12.824598930481285,arima,12.60513898309118,temperature
6,2012,2016,12.824598930481285,prophet,13.114952385774288,temperature
6,2012,2016,12.824598930481285,random_forest,12.634286545840615,temperature
6,2012,2016,12.824598930481285,xgboost,12.522560119628906,temperature
6,2012,2017,12.969273301737756,regression_lineaire,12.856412761667887,temperature
6,2012,2017,12.969273301737756,arima,12.60513912044562,temperature
6,2012,2017,12.969273301737756,prophet,13.143986822446998,temperature
6,2012,2017,12.969273301737756,random_forest,12.634286545840615,temperature
6,2012,2017,12.969273301737756,xgboost,12.522560119628906,temperature
7,2017,2018,13.51703645007924,regression_lineaire,12.887030209044767,temperature
7,2017,2018,13.51703645007924,arima,12.890937363699809,temperature
7,2017,2018,13.51703645007924,prophet,13.107091753637604,temperature
7,2017,2018,13.51703645007924,random_forest,12.951794150219119,temperature
7,2017,2018,13.51703645007924,xgboost,12.912527084350586,temperature
7,2017,2019,13.444393939393938,regression_lineaire,12.90836425261022,temperature
7,2017,2019,13.444393939393938,arima,12.88753363108884,temperature
7,2017,2019,13.444393939393938,prophet,13.134597047040447,temperature
7,2017,2019,13.444393939393938,random_forest,12.951794150219119,temperature
7,2017,2019,13.444393939393938,xgboost,12.912527084350586,temperature
7,2017,2020,13.76282919488337,regression_lineaire,12.929698296175673,temperature
7,2017,2020,13.76282919488337,arima,12.88738573733819,temperature
7,2017,2020,13.76282919488337,prophet,13.162102340443287,temperature
7,2017,2020,13.76282919488337,random_forest,12.951794150219119,temperature
7,2017,2020,13.76282919488337,xgboost,12.912527084350586,temperature
7,2017,2021,12.644590417310663,regression_lineaire,12.951032339741118,temperature
7,2017,2021,12.644590417310663,arima,12.887379311286564,temperature
7,2017,2021,12.644590417310663,prophet,13.189682990814356,temperature
7,2017,2021,12.644590417310663,random_forest,12.951794150219119,temperature
7,2017,2021,12.644590417310663,xgboost,12.912527084350586,temperature
7,2017,2022,14.25835275835276,regression_lineaire,12.972366383306571,temperature
7,2017,2022,14.25835275835276,arima,12.887379032071658,temperature
7,2017,2022,14.25835275835276,prophet,13.217188284217196,temperature
7,2017,2022,14.25835275835276,random_forest,12.951794150219119,temperature
7,2017,2022,14.25835275835276,xgboost,12.912527084350586,temperature
1,2004,2005,379.98,regression_lineaire,375.24889855072433,co2
1,2004,2005,379.98,arima,379.53377847034335,co2
1,2004,2005,379.98,prophet,379.29232970893486,co2
1,2004,2005,379.98,random_forest,376.720799999999,co2
1,2004,2005,379.98,xgboost,377.5369567871094,co2
1,2004,2006,382.09,regression_lineaire,376.63973049645347,co2
1,2004,2006,382.09,arima,381.36268735892804,co2
1,2004,2006,382.09,prophet,381.1411060981387,co2
1,2004,2006,382.09,random_forest,376.720799999999,co2
1,2004,2006,382.09,xgboost,377.5369567871094,co2
1,2004,2007,384.02,regression_lineaire,378.0305624421826,co2
1,2004,2007,384.02,arima,383.18673959688334,co2
1,2004,2007,384.02,prophet,382.9898824873426,co2
1,2004,2007,384.02,random_forest,376.720799999999,co2
1,2004,2007,384.02,xgboost,377.5369567871094,co2
1,2004,2008,385.83,regression_lineaire,379.4213943879122,co2
1,2004,2008,385.83,arima,385.00594808100004,co2
1,2004,2008,385.83,prophet,384.83865887654645,co2
1,2004,2008,385.83,random_forest,376.720799999999,co2
1,2004,2008,385.83,xgboost,377.5369567871094,co2
1,2004,2009,387.64,regression_lineaire,380.8122263336413,co2
1,2004,2009,387.64,arima,386.8203256738216,co2
1,2004,2009,387.64,prophet,386.6925004065426,co2
1,2004,2009,387.64,random_forest,376.720799999999,co2
1,2004,2009,387.64,xgboost,377.5369567871094,co2
2,2009,2010,390.1,regression_lineaire,384.383239215686,co2
2,2009,2010,390.1,arima,389.52961871683766,co2
2,2009,2010,390.1,prophet,389.6769185447693,co2
2,2009,2010,390.1,random_forest,386.5716499999999,co2
2,2009,2010,390.1,xgboost,387.46209716796875,co2
2,2009,2011,391.85,regression_lineaire,385.8357469079938,co2
2,2009,2011,391.85,arima,391.41446333105245,co2
2,2009,2011,391.85,prophet,391.64019305239896,co2
2,2009,2011,391.85,random_forest,386.5716499999999,co2
2,2009,2011,391.85,xgboost,387.46209716796875,co2
2,2009,2012,394.06,regression_lineaire,387.28825460030157,co2
2,2009,2012,394.06,arima,393.2945459043665,co2
2,2009,2012,394.06,prophet,393.6034675600287,co2
2,2009,2012,394.06,random_forest,386.5716499999999,co2
2,2009,2012,394.06,xgboost,387.46209716796875,co2
2,2009,2013,396.74,regression_lineaire,388.74076229260936,co2
2,2009,2013,396.74,arima,395.16987846802806,co2
2,2009,2013,396.74,prophet,395.57212090192587,co2
2,2009,2013,396.74,random_forest,386.5716499999999,co2
2,2009,2013,396.74,xgboost,387.46209716796875,co2
2,2009,2014,398.81,regression_lineaire,390.1932699849167,co2
2,2009,2014,398.81,arima,397.0404730228886,co2
2,2009,2014,398.81,prophet,397.5353954095555,co2
2,2009,2014,398.81,random_forest,386.5716499999999,co2
2,2009,2014,398.81,xgboost,387.46209716796875,co2
3,2014,2015,401.01,regression_lineaire,394.03259740259773,co2
3,2014,2015,401.01,arima,400.93357782226315,co2
3,2014,2015,401.01,prophet,400.5273599291251,co2
3,2014,2015,401.01,random_forest,397.60234999999903,co2
3,2014,2015,401.01,xgboost,398.5981140136719,co2
3,2014,2016,404.41,regression_lineaire,395.54684894053344,co2
3,2014,2016,404.41,arima,403.0527086115529,co2
3,2014,2016,404.41,prophet,402.600628271704,co2
3,2014,2016,404.41,random_forest,397.60234999999903,co2
3,2014,2016,404.41,xgboost,398.5981140136719,co2
3,2014,2017,406.76,regression_lineaire,397.06110047846914,co2
3,2014,2017,406.76,arima,405.1674016805028,co2
3,2014,2017,406.76,prophet,404.6795768015227,co2
3,2014,2017,406.76,random_forest,397.60234999999903,co2
3,2014,2017,406.76,xgboost,398.5981140136719,co2
3,2014,2018,408.72,regression_lineaire,398.57535201640485,co2
3,2014,2018,408.72,arima,407.2776663222448,co2
3,2014,2018,408.72,prophet,406.7528451441016,co2
3,2014,2018,408.72,random_forest,397.60234999999903,co2
3,2014,2018,408.72,xgboost,398.5981140136719,co2
3,2014,2019,411.65,regression_lineaire,400.08960355434056,co2
3,2014,2019,411.65,arima,409.3835118104497,co2
3,2014,2019,411.65,prophet,408.82611348668047,co2
3,2014,2019,411.65,random_forest,397.60234999999903,co2
3,2014,2019,411.65,xgboost,398.5981140136719,co2
4,2019,2020,414.21,regression_lineaire,404.56408196721304,co2
4,2019,2020,414.21,arima,414.0828778930596,co2
4,2019,2020,414.21,prophet,413.01199033589467,co2
4,2019,2020,414.21,random_forest,410.25879999999995,co2
4,2019,2020,414.21,xgboost,411.39239501953125,co2
4,2019,2021,416.41,regression_lineaire,406.1488408249602,co2
4,2019,2021,416.41,arima,416.51109300249834,co2
4,2019,2021,416.41,prophet,415.2821436572004,co2
4,2019,2021,416.41,random_forest,410.25879999999995,co2
4,2019,2021,416.41,xgboost,411.39239501953125,co2
4,2019,2022,418.53,regression_lineaire,407.7335996827078,co2
4,2019,2022,418.53,arima,418.93465426487273,co2
4,2019,2022,418.53,prophet,417.54609437380304,co2
4,2019,2022,418.53,random_forest,410.25879999999995,co2
4,2019,2022,418.53,xgboost,411.39239501953125,co2
4,2019,2023,421.08,regression_lineaire,409.31835854045494,co2
4,2019,2023,421.08,arima,421.3535705996119,co2
4,2019,2023,421.08,prophet,419.8100450904057,co2
4,2019,2023,421.08,random_forest,410.25879999999995,co2
4,2019,2023,421.08,xgboost,411.39239501953125,co2
4,2019,2024,424.61,regression_lineaire,410.9031173982021,co2
4,2019,2024,424.61,arima,423.7678509090502,co2
4,2019,2024,424.61,prophet,422.0739958070085,co2
4,2019,2024,424.61,random_forest,410.25879999999995,co2
4,2019,2024,424.61,xgboost,411.39239501953125,co2
1,1987,1988,86.17410614077289,regression_lineaire,65.88319666151915,niveau_mer
1,1987,1988,86.17410614077289,arima,66.55066772761734,niveau_mer
1,1987,1988,86.17410614077289,prophet,65.92531082595305,niveau_mer
1,1987,1988,86.17410614077289,random_forest,70.92786582834934,niveau_mer
1,1987,1988,86.17410614077289,xgboost,71.04299926757812,niveau_mer
1,1987,1989,67.498085901027,regression_lineaire,66.54094133117405,niveau_mer
1,1987,1989,67.498085901027,arima,62.789402049018555,niveau_mer
1,1987,1989,67.498085901027,prophet,66.58501218553285,niveau_mer
1,1987,1989,67.498085901027,random_forest,70.92786582834934,niveau_mer
1,1987,1989,67.498085901027,xgboost,71.04299926757812,niveau_mer
1,1987,1990,47.487513227513226,regression_lineaire,67.19868600082896,niveau_mer
1,1987,1990,47.487513227513226,arima,61.591520007557776,niveau_mer
1,1987,1990,47.487513227513226,prophet,67.24291108238158,niveau_mer
1,1987,1990,47.487513227513226,random_forest,70.92786582834934,niveau_mer
1,1987,1990,47.487513227513226,xgboost,71.04299926757812,niveau_mer
1,1987,1991,25.29037698412708,regression_lineaire,67.85643067048386,niveau_mer
1,1987,1991,25.29037698412708,arima,61.210020398684414,niveau_mer
1,1987,1991,25.29037698412708,prophet,67.90080997923029,niveau_mer
1,1987,1991,25.29037698412708,random_forest,70.92786582834934,niveau_mer
1,1987,1991,25.29037698412708,xgboost,71.04299926757812,niveau_mer
1,1987,1992,28.20106706159329,regression_lineaire,68.51417534013876,niveau_mer
1,1987,1992,28.20106706159329,arima,61.08852099679586,niveau_mer
1,1987,1992,28.20106706159329,prophet,68.55870887607901,niveau_mer
1,1987,1992,28.20106706159329,random_forest,70.92786582834934,niveau_mer
1,1987,1992,28.20106706159329,xgboost,71.04299926757812,niveau_mer
2,1992,1993,33.68311476105587,regression_lineaire,65.65358640008958,niveau_mer
2,1992,1993,33.68311476105587,arima,44.10748823448276,niveau_mer
2,1992,1993,33.68311476105587,prophet,65.64194231969898,niveau_mer
2,1992,1993,33.68311476105587,random_forest,31.426600624875576,niveau_mer
2,1992,1993,33.68311476105587,xgboost,31.43195915222168,niveau_mer
2,1992,1994,59.82494482641537,regression_lineaire,66.2553623835081,niveau_mer
2,1992,1994,59.82494482641537,arima,49.72527432874758,niveau_mer
2,1992,1994,59.82494482641537,prophet,66.24308185656056,niveau_mer
2,1992,1994,59.82494482641537,random_forest,31.426600624875576,niveau_mer
2,1992,1994,59.82494482641537,xgboost,31.43195915222168,niveau_mer
2,1992,1995,71.52840166369569,regression_lineaire,66.85713836692662,niveau_mer
2,1992,1995,71.52840166369569,arima,51.70934857510945,niveau_mer
2,1992,1995,71.52840166369569,prophet,66.84422139342215,niveau_mer
2,1992,1995,71.52840166369569,random_forest,31.426600624875576,niveau_mer
2,1992,1995,71.52840166369569,xgboost,31.43195915222168,niveau_mer
2,1992,1996,73.32462015109071,regression_lineaire,67.45891435034514,niveau_mer
2,1992,1996,73.32462015109071,arima,52.41007846211872,niveau_mer
2,1992,1996,73.32462015109071,prophet,67.44536093028373,niveau_mer
2,1992,1996,73.32462015109071,random_forest,31.426600624875576,niveau_mer
2,1992,1996,73.32462015109071,xgboost,31.43195915222168,niveau_mer
2,1992,1997,92.22280132148543,regression_lineaire,68.06069033376366,niveau_mer
2,1992,1997,92.22280132148543,arima,52.65756031691745,niveau_mer
2,1992,1997,92.22280132148543,prophet,68.04814742478055,niveau_mer
2,1992,1997,92.22280132148543,random_forest,31.426600624875576,niveau_mer
2,1992,1997,92.22280132148543,xgboost,31.43195915222168,niveau_mer
3,1997,1998,79.04993185826505,regression_lineaire,68.59416528753445,niveau_mer
3,1997,1998,79.04993185826505,arima,72.78534420704801,niveau_mer
3,1997,1998,79.04993185826505,prophet,68.54180812259717,niveau_mer
3,1997,1998,79.04993185826505,random_forest,84.82509630118277,niveau_mer
3,1997,1998,79.04993185826505,xgboost,83.68833923339844,niveau_mer
3,1997,1999,61.213211057947966,regression_lineaire,69.19533286496653,niveau_mer
3,1997,1999,61.213211057947966,arima,65.72828871777386,niveau_mer
3,1997,1999,61.213211057947966,prophet,69.14175677454664,niveau_mer
3,1997,1999,61.213211057947966,random_forest,84.82509630118277,niveau_mer
3,1997,1999,61.213211057947966,xgboost,83.68833923339844,niveau_mer
3,1997,2000,79.44043847566564,regression_lineaire,69.79650044239861,niveau_mer
3,1997,2000,79.44043847566564,arima,63.16612063758279,niveau_mer
3,1997,2000,79.44043847566564,prophet,69.7417054264961,niveau_mer
3,1997,2000,79.44043847566564,random_forest,84.82509630118277,niveau_mer
3,1997,2000,79.44043847566564,xgboost,83.68833923339844,niveau_mer
3,1997,2001,93.09466540404031,regression_lineaire,70.39766801983046,niveau_mer
3,1997,2001,93.09466540404031,arima,62.23588772654397,niveau_mer
3,1997,2001,93.09466540404031,prophet,70.34329777338242,niveau_mer
3,1997,2001,93.09466540404031,random_forest,84.82509630118277,niveau_mer
3,1997,2001,93.09466540404031,xgboost,83.68833923339844,niveau_mer
3,1997,2002,94.683207070707,regression_lineaire,70.99883559726254,niveau_mer
3,1997,2002,94.683207070707,arima,61.89815294814675,niveau_mer
3,1997,2002,94.683207070707,prophet,70.94324642533188,niveau_mer
3,1997,2002,94.683207070707,random_forest,84.82509630118277,niveau_mer
3,1997,2002,94.683207070707,xgboost,83.68833923339844,niveau_mer
4,2002,2003,84.80857533670026,regression_lineaire,73.84384910909216,niveau_mer
4,2002,2003,84.80857533670026,arima,79.76227739018053,niveau_mer
4,2002,2003,84.80857533670026,prophet,76.31534360632963,niveau_mer
4,2002,2003,84.80857533670026,random_forest,91.3878301172779,niveau_mer
4,2002,2003,84.80857533670026,xgboost,88.89958953857422,niveau_mer
4,2002,2004,81.07143434343423,regression_lineaire,74.47713230078489,niveau_mer
4,2002,2004,81.07143434343423,arima,74.33871757893068,niveau_mer
4,2002,2004,81.07143434343423,prophet,76.98139710664078,niveau_mer
4,2002,2004,81.07143434343423,random_forest,91.3878301172779,niveau_mer
4,2002,2004,81.07143434343423,xgboost,88.89958953857422,niveau_mer
4,2002,2005,44.55088383838382,regression_lineaire,75.11041549247784,niveau_mer
4,2002,2005,44.55088383838382,arima,72.36732560430094,niveau_mer
4,2002,2005,44.55088383838382,prophet,77.64927541106236,niveau_mer
4,2002,2005,44.55088383838382,random_forest,91.3878301172779,niveau_mer
4,2002,2005,44.55088383838382,xgboost,88.89958953857422,niveau_mer
4,2002,2006,69.62549256299245,regression_lineaire,75.7436986841708,niveau_mer
4,2002,2006,69.62549256299245,arima,71.65075079865888,niveau_mer
4,2002,2006,69.62549256299245,prophet,78.31532891137353,niveau_mer
4,2002,2006,69.62549256299245,random_forest,91.3878301172779,niveau_mer
4,2002,2006,69.62549256299245,xgboost,88.89958953857422,niveau_mer
4,2002,2007,71.85667676767669,regression_lineaire,76.37698187586352,niveau_mer
4,2002,2007,71.85667676767669,arima,71.39028537184926,niveau_mer
4,2002,2007,71.85667676767669,prophet,78.98138241168468,niveau_mer
4,2002,2007,71.85667676767669,random_forest,91.3878301172779,niveau_mer
4,2002,2007,71.85667676767669,xgboost,88.89958953857422,niveau_mer
5,2007,2008,86.20322120009625,regression_lineaire,76.13489348299504,niveau_mer
5,2007,2008,86.20322120009625,arima,70.4202903000405,niveau_mer
5,2007,2008,86.20322120009625,prophet,79.73778866252144,niveau_mer
5,2007,2008,86.20322120009625,random_forest,69.66928795240524,niveau_mer
5,2007,2008,86.20322120009625,xgboost,70.8194808959961,niveau_mer
5,2007,2009,107.64349927849922,regression_lineaire,76.75616539768362,niveau_mer
5,2007,2009,107.64349927849922,arima,69.8991226692682,niveau_mer
5,2007,2009,107.64349927849922,prophet,80.42095487389692,niveau_mer
5,2007,2009,107.64349927849922,random_forest,69.66928795240524,niveau_mer
5,2007,2009,107.64349927849922,xgboost,70.8194808959961,niveau_mer
5,2007,2010,123.58971217274788,regression_lineaire,77.3774373123722,niveau_mer
5,2007,2010,123.58971217274788,arima,69.71002613746099,niveau_mer
5,2007,2010,123.58971217274788,prophet,81.10225451092438,niveau_mer
5,2007,2010,123.58971217274788,random_forest,69.66928795240524,niveau_mer
5,2007,2010,123.58971217274788,xgboost,70.8194808959961,niveau_mer
5,2007,2011,73.73437349687343,regression_lineaire,77.99870922706077,niveau_mer
5,2007,2011,73.73437349687343,arima,69.64141577827861,niveau_mer
5,2007,2011,73.73437349687343,prophet,81.78355414795185,niveau_mer
5,2007,2011,73.73437349687343,random_forest,69.66928795240524,niveau_mer
5,2007,2011,73.73437349687343,xgboost,70.8194808959961,niveau_mer
5,2007,2012,76.73518828841404,regression_lineaire,78.61998114174958,niveau_mer
5,2007,2012,76.73518828841404,arima,69.61652171310382,niveau_mer
5,2007,2012,76.73518828841404,prophet,82.46485378497933,niveau_mer
5,2007,2012,76.73518828841404,random_forest,69.66928795240524,niveau_mer
5,2007,2012,76.73518828841404,xgboost,70.8194808959961,niveau_mer
6,2012,2013,93.40697037337654,regression_lineaire,82.00838079880418,niveau_mer
6,2012,2013,93.40697037337654,arima,78.28486957860886,niveau_mer
6,2012,2013,93.40697037337654,prophet,84.35949276574209,niveau_mer
6,2012,2013,93.40697037337654,random_forest,80.25460470996023,niveau_mer
6,2012,2013,93.40697037337654,xgboost,77.77393341064453,niveau_mer
6,2012,2014,142.49896171536787,regression_lineaire,82.66553037795529,niveau_mer
6,2012,2014,142.49896171536787,arima,78.84608312208013,niveau_mer
6,2012,2014,142.49896171536787,prophet,85.05412829266126,niveau_mer
6,2012,2014,142.49896171536787,random_forest,80.25460470996023,niveau_mer
6,2012,2014,142.49896171536787,xgboost,77.77393341064453,niveau_mer
6,2012,2015,73.54137150728063,regression_lineaire,83.32267995710617,niveau_mer
6,2012,2015,73.54137150728063,arima,79.0493253263762,niveau_mer
6,2012,2015,73.54137150728063,prophet,85.74876381958045,niveau_mer
6,2012,2015,73.54137150728063,random_forest,80.25460470996023,niveau_mer
6,2012,2015,73.54137150728063,xgboost,77.77393341064453,niveau_mer
6,2012,2016,95.7810868424504,regression_lineaire,83.97982953625728,niveau_mer
6,2012,2016,95.7810868424504,arima,79.12292902694199,niveau_mer
6,2012,2016,95.7810868424504,prophet,86.44339934649963,niveau_mer
6,2012,2016,95.7810868424504,random_forest,80.25460470996023,niveau_mer
6,2012,2016,95.7810868424504,xgboost,77.77393341064453,niveau_mer
6,2012,2017,71.93514255105158,regression_lineaire,84.6369791154084,niveau_mer
6,2012,2017,71.93514255105158,arima,79.14958443916674,niveau_mer
6,2012,2017,71.93514255105158,prophet,87.13993798445145,niveau_mer
6,2012,2017,71.93514255105158,random_forest,80.25460470996023,niveau_mer
6,2012,2017,71.93514255105158,xgboost,77.77393341064453,niveau_mer
7,2017,2018,115.39860291223924,regression_lineaire,87.25424895397623,niveau_mer
7,2017,2018,115.39860291223924,arima,80.74451336298146,niveau_mer
7,2017,2018,115.39860291223924,prophet,85.13082154746327,niveau_mer
7,2017,2018,115.39860291223924,random_forest,79.45195311025545,niveau_mer
7,2017,2018,115.39860291223924,xgboost,80.44915771484375,niveau_mer
7,2017,2019,119.00672198172188,regression_lineaire,87.93566653271728,niveau_mer
7,2017,2019,119.00672198172188,arima,83.68499787137213,niveau_mer
7,2017,2019,119.00672198172188,prophet,85.77936308071496,niveau_mer
7,2017,2019,119.00672198172188,random_forest,79.45195311025545,niveau_mer
7,2017,2019,119.00672198172188,xgboost,80.44915771484375,niveau_mer
7,2017,2020,133.5806430101884,regression_lineaire,88.6170841114581,niveau_mer
7,2017,2020,133.5806430101884,arima,84.6665037392346,niveau_mer
7,2017,2020,133.5806430101884,prophet,86.42790461396666,niveau_mer
7,2017,2020,133.5806430101884,random_forest,79.45195311025545,niveau_mer
7,2017,2020,133.5806430101884,xgboost,80.44915771484375,niveau_mer
7,2017,2021,193.9685589662861,regression_lineaire,89.29850169019915,niveau_mer
7,2017,2021,193.9685589662861,arima,84.99412109817648,niveau_mer
7,2017,2021,193.9685589662861,prophet,87.07822297333686,niveau_mer
7,2017,2021,193.9685589662861,random_forest,79.45195311025545,niveau_mer
7,2017,2021,193.9685589662861,xgboost,80.44915771484375,niveau_mer
7,2017,2022,108.32652499016126,regression_lineaire,89.97991926893997,niveau_mer
7,2017,2022,108.32652499016126,arima,85.10347666842263,niveau_mer
7,2017,2022,108.32652499016126,prophet,87.72676450658858,niveau_mer
7,2017,2022,108.32652499016126,random_forest,79.45195311025545,niveau_mer
7,2017,2022,108.32652499016126,xgboost,80.44915771484375,niveau_mer
1,1987,1988,261.8,regression_lineaire,261.4643678160919,vendanges
1,1987,1988,261.8,arima,261.3330155429585,vendanges
1,1987,1988,261.8,prophet,261.22768919196966,vendanges
1,1987,1988,261.8,random_forest,261.187333333333,vendanges
1,1987,1988,261.8,xgboost,261.2201232910156,vendanges
1,1987,1989,261.46666666666664,regression_lineaire,261.41647822666806,vendanges
1,1987,1989,261.46666666666664,arima,261.32589796791757,vendanges
1,1987,1989,261.46666666666664,prophet,261.16918877620685,vendanges
1,1987,1989,261.46666666666664,random_forest,261.187333333333,vendanges
1,1987,1989,261.46666666666664,xgboost,261.2201232910156,vendanges
1,1987,1990,260.6666666666667,regression_lineaire,261.36858863724416,vendanges
1,1987,1990,260.6666666666667,arima,261.3261516704109,vendanges
1,1987,1990,260.6666666666667,prophet,261.11084819764557,vendanges
1,1987,1990,260.6666666666667,random_forest,261.187333333333,vendanges
1,1987,1990,260.6666666666667,xgboost,261.2201232910156,vendanges
1,1987,1991,261.6666666666667,regression_lineaire,261.3206990478203,vendanges
1,1987,1991,261.6666666666667,arima,261.3261426273092,vendanges
1,1987,1991,261.6666666666667,prophet,261.0525076190843,vendanges
1,1987,1991,261.6666666666667,random_forest,261.187333333333,vendanges
1,1987,1991,261.6666666666667,xgboost,261.2201232910156,vendanges
1,1987,1992,261.0,regression_lineaire,261.2728094583964,vendanges
1,1987,1992,261.0,arima,261.32614294964617,vendanges
1,1987,1992,261.0,prophet,260.994167040523,vendanges
1,1987,1992,261.0,random_forest,261.187333333333,vendanges
1,1987,1992,261.0,xgboost,261.2201232910156,vendanges
2,1992,1993,262.26666666666665,regression_lineaire,261.21416549789626,vendanges
2,1992,1993,262.26666666666665,arima,261.2643742502051,vendanges
2,1992,1993,262.26666666666665,prophet,261.04653014372667,vendanges
2,1992,1993,262.26666666666665,random_forest,261.1556666666664,vendanges
2,1992,1993,262.26666666666665,xgboost,261.1190185546875,vendanges
2,1992,1994,261.8,regression_lineaire,261.1661026727543,vendanges
2,1992,1994,261.8,arima,261.25004119959624,vendanges
2,1992,1994,261.8,prophet,260.99290720974005,vendanges
2,1992,1994,261.8,random_forest,261.1556666666664,vendanges
2,1992,1994,261.8,xgboost,261.1190185546875,vendanges
2,1992,1995,261.46666666666664,regression_lineaire,261.11803984761224,vendanges
2,1992,1995,261.46666666666664,arima,261.2508182659694,vendanges
2,1992,1995,261.46666666666664,prophet,260.93928427575344,vendanges
2,1992,1995,261.46666666666664,random_forest,261.1556666666664,vendanges
2,1992,1995,261.46666666666664,xgboost,261.1190185546875,vendanges
2,1992,1996,261.8666666666667,regression_lineaire,261.06997702247025,vendanges
2,1992,1996,261.8666666666667,arima,261.25077613731406,vendanges
2,1992,1996,261.8666666666667,prophet,260.88566134176676,vendanges
2,1992,1996,261.8666666666667,random_forest,261.1556666666664,vendanges
2,1992,1996,261.8666666666667,xgboost,261.1190185546875,vendanges
2,1992,1997,261.53333333333336,regression_lineaire,261.0219141973283,vendanges
2,1992,1997,261.53333333333336,arima,261.2507784213192,vendanges
2,1992,1997,261.53333333333336,prophet,260.83189149563225,vendanges
2,1992,1997,261.53333333333336,random_forest,261.1556666666664,vendanges
2,1992,1997,261.53333333333336,xgboost,261.1190185546875,vendanges
3,1997,1998,261.93333333333334,regression_lineaire,261.1055052949014,vendanges
3,1997,1998,261.93333333333334,arima,261.6381503968814,vendanges
3,1997,1998,261.93333333333334,prophet,261.3531587130435,vendanges
3,1997,1998,261.93333333333334,random_forest,261.5993333333331,vendanges
3,1997,1998,261.93333333333334,xgboost,261.68280029296875,vendanges
3,1997,1999,261.8,regression_lineaire,261.0594129810624,vendanges
3,1997,1999,261.8,arima,261.63219685508284,vendanges
3,1997,1999,261.8,prophet,261.33095575263445,vendanges
3,1997,1999,261.8,random_forest,261.5993333333331,vendanges
3,1997,1999,261.8,xgboost,261.68280029296875,vendanges
3,1997,2000,261.2,regression_lineaire,261.0133206672234,vendanges
3,1997,2000,261.2,arima,261.6325350124281,vendanges
3,1997,2000,261.2,prophet,261.3087527922254,vendanges
3,1997,2000,261.2,random_forest,261.5993333333331,vendanges
3,1997,2000,261.2,xgboost,261.68280029296875,vendanges
3,1997,2001,259.6,regression_lineaire,260.9672283533844,vendanges
3,1997,2001,259.6,arima,261.63251580530834,vendanges
3,1997,2001,259.6,prophet,261.2864890017878,vendanges
3,1997,2001,259.6,random_forest,261.5993333333331,vendanges
3,1997,2001,259.6,xgboost,261.68280029296875,vendanges
3,1997,2002,260.0,regression_lineaire,260.9211360395454,vendanges
3,1997,2002,260.0,arima,261.63251689626037,vendanges
3,1997,2002,260.0,prophet,261.26428604137874,vendanges
3,1997,2002,260.0,random_forest,261.5993333333331,vendanges
3,1997,2002,260.0,xgboost,261.68280029296875,vendanges
4,2002,2003,260.2,regression_lineaire,260.85174186179324,vendanges
4,2002,2003,260.2,arima,260.6332912310901,vendanges
4,2002,2003,260.2,prophet,260.98553804790185,vendanges
4,2002,2003,260.2,random_forest,260.12033333333324,vendanges
4,2002,2003,260.2,xgboost,260.02337646484375,vendanges
4,2002,2004,260.4,regression_lineaire,260.8053010001611,vendanges
4,2002,2004,260.4,arima,260.65563426436984,vendanges
4,2002,2004,260.4,prophet,260.9524196025507,vendanges
4,2002,2004,260.4,random_forest,260.12033333333324,vendanges
4,2002,2004,260.4,xgboost,260.02337646484375,vendanges
4,2002,2005,260.1333333333333,regression_lineaire,260.7588601385289,vendanges
4,2002,2005,260.1333333333333,arima,260.6564225448822,vendanges
4,2002,2005,260.1333333333333,prophet,260.91921042173277,vendanges
4,2002,2005,260.1333333333333,random_forest,260.12033333333324,vendanges
4,2002,2005,260.1333333333333,xgboost,260.02337646484375,vendanges
4,2002,2006,261.6,regression_lineaire,260.71241927689675,vendanges
4,2002,2006,261.6,arima,260.6564503560643,vendanges
4,2002,2006,261.6,prophet,260.88609197638164,vendanges
4,2002,2006,261.6,random_forest,260.12033333333324,vendanges
4,2002,2006,261.6,xgboost,260.02337646484375,vendanges
4,2002,2007,261.2,regression_lineaire,260.66597841526453,vendanges
4,2002,2007,261.2,arima,260.65645133726554,vendanges
4,2002,2007,261.2,prophet,260.85297353103044,vendanges
4,2002,2007,261.2,random_forest,260.12033333333324,vendanges
4,2002,2007,261.2,xgboost,260.02337646484375,vendanges
5,2007,2008,259.7333333333333,regression_lineaire,260.6120456905504,vendanges
5,2007,2008,259.7333333333333,arima,260.9134514064961,vendanges
5,2007,2008,259.7333333333333,prophet,260.72134148758835,vendanges
5,2007,2008,259.7333333333333,random_forest,261.170666666666,vendanges
5,2007,2008,259.7333333333333,xgboost,261.2716979980469,vendanges
5,2007,2009,260.46666666666664,regression_lineaire,260.5655117005027,vendanges
5,2007,2009,260.46666666666664,arima,260.8960285620679,vendanges
5,2007,2009,260.46666666666664,prophet,260.68428418753587,vendanges
5,2007,2009,260.46666666666664,random_forest,261.170666666666,vendanges
5,2007,2009,260.46666666666664,xgboost,261.2716979980469,vendanges
5,2007,2010,260.7333333333333,regression_lineaire,260.51897771045503,vendanges
5,2007,2010,260.7333333333333,arima,260.89496921117643,vendanges
5,2007,2010,260.7333333333333,prophet,260.647328136937,vendanges
5,2007,2010,260.7333333333333,random_forest,261.170666666666,vendanges
5,2007,2010,260.7333333333333,xgboost,261.2716979980469,vendanges
5,2007,2011,260.53333333333336,regression_lineaire,260.4724437204074,vendanges
5,2007,2011,260.53333333333336,arima,260.8949048000916,vendanges
5,2007,2011,260.53333333333336,prophet,260.6103720863382,vendanges
5,2007,2011,260.53333333333336,random_forest,261.170666666666,vendanges
5,2007,2011,260.53333333333336,xgboost,261.2716979980469,vendanges
5,2007,2012,260.46666666666664,regression_lineaire,260.42590973035976,vendanges
5,2007,2012,260.46666666666664,arima,260.89490088374254,vendanges
5,2007,2012,260.46666666666664,prophet,260.5734160357394,vendanges
5,2007,2012,260.46666666666664,random_forest,261.170666666666,vendanges
5,2007,2012,260.46666666666664,xgboost,261.2716979980469,vendanges
6,2012,2013,260.53333333333336,regression_lineaire,260.3575326590813,vendanges
6,2012,2013,260.53333333333336,arima,260.53368993314206,vendanges
6,2012,2013,260.53333333333336,prophet,260.37043107608395,vendanges
6,2012,2013,260.53333333333336,random_forest,260.49833333333345,vendanges
6,2012,2013,260.53333333333336,xgboost,260.52496337890625,vendanges
6,2012,2014,259.26666666666665,regression_lineaire,260.31071816709914,vendanges
6,2012,2014,259.26666666666665,arima,260.53705889367524,vendanges
6,2012,2014,259.26666666666665,prophet,260.3247928489086,vendanges
6,2012,2014,259.26666666666665,random_forest,260.49833333333345,vendanges
6,2012,2014,259.26666666666665,xgboost,260.52496337890625,vendanges
6,2012,2015,260.8,regression_lineaire,260.2639036751169,vendanges
6,2012,2015,260.8,arima,260.5372282362882,vendanges
6,2012,2015,260.8,prophet,260.2791546217332,vendanges
6,2012,2015,260.8,random_forest,260.49833333333345,vendanges
6,2012,2015,260.8,xgboost,260.52496337890625,vendanges
6,2012,2016,260.0,regression_lineaire,260.21708918313476,vendanges
6,2012,2016,260.0,arima,260.5372367483857,vendanges
6,2012,2016,260.0,prophet,260.23351639455785,vendanges
6,2012,2016,260.0,random_forest,260.49833333333345,vendanges
6,2012,2016,260.0,xgboost,260.52496337890625,vendanges
6,2012,2017,260.0,regression_lineaire,260.1702746911526,vendanges
6,2012,2017,260.0,arima,260.5372371762508,vendanges
6,2012,2017,260.0,prophet,260.1877531311436,vendanges
6,2012,2017,260.0,random_forest,260.49833333333345,vendanges
6,2012,2017,260.0,xgboost,260.52496337890625,vendanges
7,2017,2018,260.1333333333333,regression_lineaire,260.09975373026214,vendanges
7,2017,2018,260.1333333333333,arima,260.1634639488956,vendanges
7,2017,2018,260.1333333333333,prophet,259.93178450394123,vendanges
7,2017,2018,260.1333333333333,random_forest,260.04900000000004,vendanges
7,2017,2018,260.1333333333333,xgboost,260.08074951171875,vendanges
7,2017,2019,260.46666666666664,regression_lineaire,260.05264329112777,vendanges
7,2017,2019,260.46666666666664,arima,260.16605214857174,vendanges
7,2017,2019,260.46666666666664,prophet,259.87100637421156,vendanges
7,2017,2019,260.46666666666664,random_forest,260.04900000000004,vendanges
7,2017,2019,260.46666666666664,xgboost,260.08074951171875,vendanges
7,2017,2020,259.93333333333334,regression_lineaire,260.0055328519934,vendanges
7,2017,2020,259.93333333333334,arima,260.1660931287243,vendanges
7,2017,2020,259.93333333333334,prophet,259.81022824448195,vendanges
7,2017,2020,259.93333333333334,random_forest,260.04900000000004,vendanges
7,2017,2020,259.93333333333334,xgboost,260.08074951171875,vendanges
7,2017,2021,258.8666666666667,regression_lineaire,259.958422412859,vendanges
7,2017,2021,258.8666666666667,arima,260.16609377758186,vendanges
7,2017,2021,258.8666666666667,prophet,259.7492835993284,vendanges
7,2017,2021,258.8666666666667,random_forest,260.04900000000004,vendanges
7,2017,2021,258.8666666666667,xgboost,260.08074951171875,vendanges
7,2017,2022,259.7333333333333,regression_lineaire,259.91131197372465,vendanges
7,2017,2022,259.7333333333333,arima,260.1660937878555,vendanges
7,2017,2022,259.7333333333333,prophet,259.6885054695988,vendanges
7,2017,2022,259.7333333333333,random_forest,260.04900000000004,vendanges
7,2017,2022,259.7333333333333,xgboost,260.08074951171875,vendanges
