annee,temp_moy_france,co2_ppm,industrie_energie,industrie_manufacturiere_construction,traitement_centralise_dechets,batiments_residentiel_tertiaire,agriculture,transports,emissions_naturelles,emnr,ges_total_MtCO2eq,jours_chauds_30,jours_gel,niveau_mer_brest,niveau_mer_marseille,niveau_mer_le_havre,niveau_mer_calais,niveau_mer_st._nazaire,niveau_mer_le_verdon,niveau_mer_la_rochelle_la_pallice,niveau_mer_cherbourg,niveau_mer_dunkerque,niveau_mer_st_jean_de_luz_(socoa),niveau_mer_boulogne,niveau_mer_dieppe,niveau_mer_toulon,niveau_mer_pointe_st._gildas,niveau_mer_port_tudy,niveau_mer_le_conquet,niveau_mer_roscoff,niveau_mer_antifer,niveau_mer_nice,niveau_mer_port_vendres,niveau_mer_boucau,niveau_mer_port_bloc,niveau_mer_arcachon_eyrac,niveau_mer_mm,empreinte_tCO2_hab,jour_vendanges,dommages_Mrd_USD
1900,11.504166666666668,296.0,,,,,,,,,,,,-110.9869191919197,-60.65681818181929,,,,,,,,,,,,,,,,,,,,,,-85.8218686868695,,265.8,
1901,10.991666666666667,296.3333333333333,,,,,,,,,,,,-133.2369191919197,-63.15681818181929,,,,,,,,,,,,,,,,,,,,,,-98.1968686868695,,264.73333333333335,
1902,11.104166666666666,296.6666666666667,,,,,,,,,,,,-130.7369191919197,-52.97500000000127,,,,,,,,,,,,,,,,,,,,,,-91.85595959596048,,265.6,
1903,11.2125,297.0,,,,,,,,,,,,-79.82025252525273,-81.49015151515232,,,,,,,,,,,,,,,,,,,,,,-80.65520202020252,,264.6,
1904,11.883333333333333,297.3333333333333,,,,,,,,,,,,-117.32025252525273,-70.57348484848626,,,,,,,,,,,,,,,,,,,,,,-93.9468686868695,,265.53333333333336,
1905,11.112499999999999,297.6666666666667,,,,,,,,,,,,-132.32025252525273,-93.82348484848626,,,,,,,,,,,,,,,,,,,,,,-113.0718686868695,,264.93333333333334,
1906,12.039130434782608,298.0,,,,,,,,,,,,-140.82025252525273,-95.65681818181929,,,,,,,,,,,,,,,,,,,,,,-118.23853535353601,,265.6,
1907,11.254166666666668,298.3333333333333,,,,,,,,,,,,-124.09297979797975,-103.57348484848626,,,,,,,,,,,,,,,,,,,,,,-113.833232323233,,265.46666666666664,
1908,10.929166666666667,298.6666666666667,,,,,,,,,,,,-121.2369191919197,-161.87110389610461,,,,,,,,,,,,,,,,,,,,,,-141.55401154401216,,265.2,
1909,10.375,299.0,,,,,,,,,,,,-100.15358585858576,-126.76396103896195,,,,,,,,,,,,,,,,,,,,,,-100.15358585858576,,265.26666666666665,0.0
1910,10.466666666666667,299.3333333333333,,,,,,,,,,,,-56.15358585858576,-91.65681818181929,,,,,,,,,,,,,,,,,,,,,,-73.90520202020252,,264.8,0.0
1911,12.120833333333332,299.6666666666667,,,,,,,,,,,,-79.40358585858576,-82.99015151515232,,,,,,,,,,,,,,,,,,,,,,-81.19686868686904,,265.8,0.0
1912,11.482608695652175,300.0,,,,,,,,,,,,-21.320252525252727,-74.65681818181929,,,,,,,,,,,,,,,,,,,,,,-47.98853535353601,,265.3333333333333,0.0
1913,10.93846153846154,300.3333333333333,,,,,,,,,,,,2.9297474747472734,-79.49015151515277,,,,,,,,,,,,,,,,,,,,,,2.9297474747472734,,265.8666666666667,0.0
1914,11.029166666666667,300.6666666666667,,,,,,,,,,,,11.513080808080304,-84.32348484848626,,,,,,,,,,,,,,,,,,,,,,-36.40520202020298,,265.06666666666666,0.0
1915,11.262500000000001,301.0,,,,,,,,,,,,8.013080808080304,-46.74015151515232,,,,,,,,,,,,,,,,,,,,,,-46.74015151515232,,264.6666666666667,0.0
1916,11.262500000000001,301.3333333333333,,,,,,,,,,,,4.5130808080803035,-54.03181818181929,,,,,,,,,,,,,,,,,,,,,,-24.759368686869493,,265.6666666666667,0.0
1917,10.41304347826087,301.6666666666667,,,,,,,,,,,,-88.91116161616173,-56.40681818181929,,,,,,,,,,,,,,,,,,,,,,-72.65898989899051,,265.8,0.0
1918,11.483333333333334,302.0,,,,,,,,,,,,-65.7369191919197,-136.82348484848626,,,,,,,,,,,,,,,,,,,,,,-101.28020202020298,,264.1333333333333,0.0
1919,11.436363636363636,302.3333333333333,,,,,,,,,,,,-95.07025252525273,-23.15681818181929,,,,,,,,,,,,,,,,,,,,,,-59.11353535353601,,264.6,0.0
1920,9.05,302.6666666666667,,,,,,,,,,,,-52.40358585858576,-70.49015151515232,,,,,,,,,,,,,,,,,,,,,,-61.44686868686904,,265.2,0.0
1921,10.652173913043478,303.0,,,,,,,,,,,,-107.32025252525273,-53.698484848485805,,,,,,,,,,,,,,,,,,,,,,-107.32025252525273,,264.8666666666667,0.0
1922,8.9375,303.3333333333333,,,,,,,,,,,,-91.4566161616167,-36.90681818181929,,,,,,,,,,,,,,,,,,,,,,-64.18171717171799,,263.26666666666665,0.0
1923,9.762500000000001,303.6666666666667,,,,,,,,,,,,-119.2369191919197,-77.78181818181929,,,,,,,,,,,,,,,,,,,,,,-98.5093686868695,,264.6666666666667,0.0
1924,9.504166666666666,304.0,,,,,,,,,,,,-33.40358585858576,-65.77681818181937,,,,,,,,,,,,,,,,,,,,,,-33.40358585858576,,264.1333333333333,0.0
1925,9.291666666666666,304.3333333333333,,,,,,,,,,,,-47.57025252525273,-53.771818181819434,,,,,,,,,,,,,,,,,,,,,,-47.57025252525273,,264.4,0.0
1926,10.229166666666666,304.6666666666667,,,,,,,,,,,,-34.90358585858576,-41.7668181818195,,,,,,,,,,,,,,,,,,,,,,-34.90358585858576,,264.06666666666666,0.0
1927,11.416666666666666,305.0,,,,,,,,,,,,-24.903585858585757,-29.761818181819578,,,,,,,,,,,,,,,,,,,,,,-24.903585858585757,,263.8666666666667,0.0
1928,11.08918918918919,305.3333333333333,,,,,,,,,,,,-27.736919191919696,-17.756818181819654,,,,,,,,,,,,,,,,,,,,,,-22.746868686869675,,264.06666666666666,0.0
1929,10.814583333333333,305.6666666666667,,,,,,,,,,,,-99.9869191919197,-75.88409090909227,,,,,,,,,,,,,,,,,,,,,,-87.93550505050598,,263.93333333333334,0.0
1930,11.05,306.0,,,,,,,,,,,,-18.320252525252727,-33.90681818181929,,,,,,,,,,,,,,,,,,,,,,-26.113535353536008,,263.46666666666664,0.0
1931,10.19672131147541,306.3333333333333,,,,,,,,,,,,-40.9869191919197,-62.04570707070798,,,,,,,,,,,,,,,,,,,,,,-51.51631313131384,,264.6666666666667,0.0
1932,10.498484848484848,306.6666666666667,,,,,,,,,,,,-39.65358585858576,-60.24015151515232,,,,,,,,,,,,,,,,,,,,,,-49.94686868686904,,264.1333333333333,0.0
1933,10.170833333333333,307.0,,,,,,,,,,,,-54.2369191919197,-6.356818181819108,,,,,,,,,,,,,,,,,,,,,,-30.296868686869402,,264.0,0.0
1934,10.836458333333333,307.3333333333333,,,,,,,,,,,,-78.90358585858576,-42.49015151515232,,,,,,,,,,,,,,,,,,,,,,-60.69686868686904,,263.8666666666667,0.0
1935,9.898780487804878,307.6666666666667,,,,,,,,,,,,-59.2369191919197,-40.15681818181929,,,,,,,,,,,,,,,,,,,,,,-49.69686868686949,,264.0,0.0
1936,10.256626506024096,308.0,,,,,,,,,,,,2.596414141414243,-8.90681818181929,,,,,,,,,,,,,,,,,,,,,,-3.1552020202025233,,264.3333333333333,0.0
1937,10.858064516129032,308.3333333333333,,,,,,,,,,,,6.894033189032598,-25.15681818181929,,,,,,,,,,,,,,,,,,,,,,-9.131392496393346,,265.06666666666666,0.0
1938,10.235999999999999,308.6666666666667,,,,,,,,,,,,-12.04644300144355,-42.82348484848596,-28.428194993413854,,,,,,,,,,,,,,,,,,,,,-28.428194993413854,,264.3333333333333,0.0
1939,9.891176470588235,309.0,,,,,,,,,,,,-30.986919191919696,-60.490151515152625,42.405138339919176,,,,,,,,,,,,,,,,,,,,,5.70910957399974,,264.3333333333333,0.0
1940,9.604054054054055,309.3333333333333,,,,,,,,,,,,-23.320252525252727,-78.15681818181929,32.82180500658589,,,,,,,,,,,,,,,,,,,,,-50.73853535353601,,264.4,0.0
1941,9.653260869565218,309.6666666666667,,,,,,,,,,,,-9.736919191919696,1.752272727271702,23.238471673252597,95.44793901750381,-31.390151515151956,-84.82472451790727,-87.02001332001328,,,,-159.51659451659452,,,,,,,,,,,,,-39.32688447383017,,262.93333333333334,0.0
1942,10.070833333333333,310.0,,,,,,,,,,,,-10.570252525252727,-8.24015151515232,13.655138339919308,-71.48063241106775,-53.390151515151956,9.17527548209273,-67.1271561771564,,-114.07242424242395,-59.53585858585939,-164.97113997113956,,,,,,,,,,,,,-60.023610162345705,,263.73333333333335,0.0
1943,11.430208333333333,310.3333333333333,,,,,,,,,,,,-1.0702525252527266,-38.07348484848626,4.071805006586018,-65.42845849802427,-60.112373737374156,9.701942148759407,-73.27715617715603,-53.956677890010724,-115.66170995670966,-54.16085858585939,-159.02905785970262,,,,,,,,,,,,,-44.107686005353024,,263.3333333333333,0.0
1944,10.182978723404256,310.6666666666667,,,,,,,,,,,,-86.82025252525273,-37.15681818181929,-5.511528326747268,-59.37628458498081,-66.83459595959636,10.228608815426087,-163.3771561771564,-54.364455667788526,-117.25099567099538,-122.28585858585939,-153.0869757482657,,,,,,,,,,,,,-102.41002136752195,,263.53333333333336,0.0
1945,11.412087912087912,311.0,,,,,,,,,,,,-83.64432659932683,-79.32348484848626,-15.09486166008056,-53.32411067193733,-73.55681818181856,10.755275482092767,-155.79019965541727,-54.77223344556633,-118.84028138528109,-118.33335858585937,-147.14489363682875,,,,,,,,,,,,,-79.32348484848626,,263.3333333333333,0.0
1946,10.90373831775701,311.3333333333333,,,,,,,,,,,,-80.46840067340094,-26.70227272727425,-24.678194993413854,-47.271936758893865,-80.27904040404076,11.281942148759445,-148.20324313367814,-55.180011223344124,-120.42956709956681,-114.38085858585937,-141.2028115253918,,,,,,,,,,,,,-26.70227272727425,,263.73333333333335,0.0
1947,12.11880341880342,311.6666666666667,,,,,,,,,,,,-77.29247474747505,-3.884090909092265,-34.26152832674714,-41.2197628458504,-87.00126262626296,11.808608815426123,-140.61628661193902,-55.587789001121926,-122.01885281385252,-110.42835858585936,-135.2607294139549,,,,,,,,,,,,,-3.884090909092265,,263.6,0.0
1948,10.973873873873876,312.0,,,,,,,,,,,,-74.11654882154916,-33.70227272727425,-43.844861660080426,-35.16758893280692,-93.72348484848517,12.335275482092802,-133.02933009019986,-55.99556677889973,-123.60813852813823,-106.47585858585936,-129.31864730251795,,,,,,,,,,,,,-33.70227272727425,,263.06666666666666,0.0
1949,11.74375,312.3333333333333,,,,,,,,,,,,-70.94062289562326,-49.15681818181929,-53.42819499341371,-29.115415019763454,-100.44570707070737,12.861942148759482,-125.44237356846074,-56.40334455667753,-125.19742424242395,-102.52335858585934,-123.376565191081,,,,,,,,,,,,,-49.15681818181929,,263.8,0.0
1950,12.605882352941178,312.6666666666667,,,,,,,,,,27.102564102564102,9.0,-67.76469696969737,-46.90681818181929,-63.01152832674701,-23.063241106719985,-107.16792929292957,13.38860881542616,-117.85541704672161,-56.811122334455334,-126.78670995670966,-98.57085858585933,-117.43448307964407,,,,,,,,,,,,,-46.90681818181929,,263.2,0.0
1951,12.12762312633833,313.0,,,,,,,,,,10.525,1.1,-64.58877104377149,8.271753246752269,-72.5948616600803,-17.011067193676517,-113.89015151515177,13.915275482092838,-110.26846052498249,-57.21890011223313,-128.37599567099537,-94.61835858585933,-111.49240096820714,,,,,,,,,,,,,8.271753246752269,,264.46666666666664,0.0
1952,12.236546184738955,313.3333333333333,,,,,,,,,,25.377777777777776,4.977777777777778,-61.41284511784559,-16.64253246753333,-82.17819499341358,-10.958893280633049,-120.61237373737397,14.441942148759518,-102.68150400324335,-57.62667789001093,-129.9652813852811,-90.66585858585931,-105.55031885677019,,,,,,,,,,,,,-27.79000099337145,,264.2,0.0
1953,12.020436507936509,313.6666666666667,,,,,,,,,,15.2,8.133333333333333,-58.2369191919197,-41.556818181818926,-91.76152832674688,-4.906719367589574,-127.33459595959617,14.968608815426197,-95.09454748150422,-58.034455667788734,-131.5545670995668,-86.71335858585931,-99.60823674533326,,,,,,,,,,,,,-63.85175523349517,,262.3333333333333,0.0
1954,11.641716566866268,314.0,,,,,,,,,,9.488372093023257,10.69767441860465,-38.07025252525273,-34.82348484848626,-87.08652832674689,1.1454545454539016,-134.0568181818184,15.495275482092875,-87.50759095976508,-58.442233445566536,-133.1438528138525,-82.7608585858593,-93.66615463389633,-167.00815553494067,,,,,,,,,,,,-79.96729763622655,,262.6,0.0
1955,11.999257884972172,314.3333333333333,,,,,,,,,,11.195652173913043,3.4130434782608696,10.346414141414243,21.34318181818071,-82.41152832674689,7.197628458497363,-140.7790404040406,16.021942148759553,-79.92063443802596,-58.85001122334434,-134.73313852813823,-78.80835858585928,-87.72407252245938,-155.42482220160764,,,,,,,,,,,,-41.245075414004226,,263.8,0.0
1956,10.521442125237192,314.6666666666667,,,,,,,,,,5.869565217391305,15.717391304347826,-76.57025252525273,-10.49015151515232,-77.73652832674688,13.249802371540838,-147.5012626262628,16.548608815426235,-72.33367791628683,-59.257789001122134,-136.32242424242395,-74.85585858585928,-81.78199041102245,-138.42482220160764,,,,,,,,,,,,-90.45191262110916,,264.2,0.0
1957,11.90967741935484,315.0,,,,,,,,,,13.020833333333334,3.8333333333333335,-32.90358585858576,9.42651515151374,-73.06152832674688,19.3019762845843,-154.223484848485,17.075275482092913,-64.74672139454769,-59.66556677889994,-57.40575757575698,-70.90335858585928,-75.8399082995855,-3.6748222016076397,,,,,,,,,,,,-47.75622706658432,,263.6,0.0
1958,11.686823104693142,315.49,,,,,,,,,,8.297872340425531,2.8297872340425534,-8.653585858585757,50.92651515151374,-68.38652832674688,25.354150197627774,-134.223484848485,17.60194214875959,-57.159764872808566,-60.07334455667774,-39.044646464646576,-66.95085858585927,-69.89782618814857,-79.75815553494067,,,,,,,,,,,,-19.132468176664815,,262.8666666666667,0.0
1959,12.915349544072948,315.98,,,,,,,,,,20.964912280701753,1.8596491228070176,-9.570252525252727,76.84318181818071,-63.71152832674689,31.40632411067125,-114.22348484848499,18.12860881542627,-49.572808351069426,-60.48112233445554,-38.23909090909092,-62.99835858585925,-63.95574407671164,-55.17482220160764,,,,,,,,,,11.382200152787846,,-2.9517567329965457,,263.53333333333336,0.0
1960,12.120512820512822,316.91,,,,,,,,,,7.370967741935484,6.935483870967742,57.42974747474727,56.17651515151374,-59.03652832674688,37.45849802371471,-94.22348484848499,18.655275482092947,-41.9858518293303,-60.888900112233344,-12.07242424242395,-59.04585858585924,-58.01366196527469,-62.42482220160764,,,,,,,,,,47.757200152787846,,17.373243267003453,,262.73333333333335,0.0
1961,12.991690140845071,317.64,,,,,,,,,,21.39344262295082,4.065573770491803,16.429747474747273,10.287626262625054,-54.361528326746885,43.510671936758186,-74.22348484848499,19.181942148759628,-34.398895307591175,-61.29667789001114,-30.40575757575698,-55.093358585859235,-52.07157985383776,-126.75815553494067,18.96666666666715,,,,,,,,,5.757200152787846,,-17.620445425645055,,261.6666666666667,0.0
1962,11.33233173076923,318.45,,,,,,,,,,16.575342465753426,8.547945205479452,-34.9869191919197,-4.82348484848626,-49.68652832674689,49.56284584980165,-54.223484848484986,19.708608815426306,-26.81193878585205,-61.70445566778894,-52.94742424242395,-51.14085858585922,-46.129497742400815,-63.24300401978962,-20.366666666666788,,,,,,,,,-62.64279984721179,,-41.890540523569015,,262.46666666666664,0.03134533333333333
1963,11.047835738068812,318.99,,,,,,,,,,8.473684210526315,21.026315789473685,-1.1535858585857568,34.84318181818071,-45.011528326746884,55.61501976284512,-41.39015151515165,20.235275482092984,-19.224982264112896,-62.112233445566744,-2.095151515150974,-47.18835858585922,-40.18741563096388,-64.17482220160764,8.300000000000182,,,,,,,,,39.757200152787846,,-11.455867422086158,,262.2,0.06269066666666666
1964,11.988519313304721,319.62,,,,,,,,,,19.7875,7.3,-66.7369191919197,-7.15681818181929,-80.84486166008082,61.6671936758886,-28.55681818181832,20.761942148759665,-11.63802574237377,-54.54657687991014,-80.45878787878792,-43.235858585859205,-34.24533351952695,-114.92482220160764,-59.78333333333285,-47.39718181818171,,,,,,,,-27.909466513879124,,-58.71644992949647,,263.2,0.09403599999999998
1965,11.579278350515464,320.04,,,,,,,,,,9.341463414634147,2.6951219512195124,4.929747474747273,11.75984848484768,-70.99069499341408,67.71936758893207,-15.723484848484986,21.288608815426343,-4.051069220634645,-46.98092031425354,76.67757575757605,-56.43585858585902,-28.303251408090006,-27.59148886827461,-5.533333333332848,-7.313848484848677,,,,,,,,8.302654698242804,,5.679117988354574,,262.3333333333333,0.12538133333333332
1966,12.361957525392429,321.37,,,,,,,,,,10.417582417582418,5.241758241758242,64.17974747474727,32.00984848484768,-61.13652832674734,8.74664031620523,57.44318181818198,21.81527548209302,3.5358873011044807,-39.41526374859694,-9.239090909090919,40.04747474747364,-22.361169296653088,-1.6748222016076397,15.716666666667152,143.1028181818183,-21.2084090909093,,,,,,,37.257200152787846,,33.307386876465564,,263.1333333333333,0.15672666666666665
1967,12.195811051693406,322.18,,,,,,,,,,17.541666666666668,6.052083333333333,-0.9869191919196965,-14.57348484848626,-51.282361660080596,-20.063965744400775,-3.140151515151956,22.3419421487597,11.122843822843606,-31.849607182940336,-18.82242424242395,-24.035858585859387,-16.419087185216142,-0.34148886827460956,-34.61666666666679,24.702818181818657,42.12492424242373,,,,,,-23.86089826839725,53.590533486120876,-27.25,-0.9205864033076068,,262.6,0.188072
1968,11.85,323.05,,,,,,,,,,7.9787234042553195,6.202127659574468,37.2630808080803,2.1765151515137404,-41.428194993413854,-29.230632411067745,32.359848484848044,61.53891184572876,95.1228438228436,-24.283950617283736,34.92757575757605,57.21414141414061,-10.477005073779196,-61.50815553494067,31.550000000000182,33.26948484848526,78.62492424242373,,,,,,22.624816017317244,107.25720015278785,73.75,30.459162357593293,,262.26666666666665,0.094036
1969,11.689661482159194,324.62,,,,,,,,,,12.728260869565217,9.391304347826088,27.346414141414243,26.84318181818071,-86.42819499341385,43.602700922265285,28.526515151515014,75.00860881542576,48.872843822843606,-16.718294051627133,-11.731515151514941,29.630808080807583,-4.53492296234225,-20.25815553494067,31.150000000000183,37.83009090909127,115.12492424242373,,,,,,59.674816017317426,79.90005729564473,15.666666666666515,41.56702234849798,,261.8,0.0
1970,11.865037593984962,325.68,,,,,,,,,,12.709677419354838,7.043010752688172,-17.403585858585757,-13.90681818181929,-131.42819499341385,87.01936758893225,9.359848484848044,16.05027548209273,16.72284382284397,-9.15263748597053,-24.73909090909092,-8.952525252526357,1.4071591490946673,21.32517779839236,30.75000000000018,4.73918181818226,-97.87507575757627,,,,,,47.508149350650456,0.4238668194548154,-42.41666666666697,-0.15321796149061942,,262.4,0.0
1971,11.850566037735849,326.32,,,,,,,,,,16.033333333333335,6.0777777777777775,-33.15358585858576,-4.356818181819108,-176.42819499341385,34.269367588932255,-37.390151515151956,-79.82472451790727,-62.877156177156394,-1.586980920313927,-73.82242424242395,2.047474747473643,7.349241260531613,-85.00815553494067,30.350000000000183,-22.147181818181707,-88.8350757575763,-18.20328282828268,,,,,-19.991850649349544,-47.617799847212154,-101.25,-48.38363225520128,,262.46666666666664,0.0
1972,11.4941504178273,327.46,,,,,,,,,,7.543478260869565,4.184782608695652,-9.986919191919696,22.42651515151374,-40.15546772068683,44.602700922265285,-32.80681818181802,16.17527548209273,-31.210489510489424,5.978675645342676,-23.549696969696924,-13.869191919192417,13.29132337196856,-63.75815553494067,29.95000000000018,-29.897181818181707,-79.79507575757634,-30.78661616161662,,,,,-20.428517316016222,-0.5285141329268299,-94.21078431372547,-14.872658429661337,,262.1333333333333,0.0
1973,11.756595365418894,329.68,,,,,,,,,,21.189473684210526,4.189473684210526,-59.82025252525273,-24.07348484848626,-45.344861660080824,35.186034255599225,-86.05681818181802,-96.74139118457424,-68.24079254079243,13.544332210999272,-28.48909090909092,-63.95252525252636,19.233405483405477,-75.34148886827461,29.550000000000182,-66.81384848484868,-70.75507575757638,-51.95328282828268,-75.05541526374964,,,,-20.8651839826829,-113.40946651387912,-87.17156862745094,-48.207704957665726,,262.26666666666665,0.0
1974,12.0644128113879,330.19,,,,,,,,,,14.287234042553191,0.24468085106382978,-8.570252525252727,-9.57348484848626,13.988471673253116,9.602700922265285,-25.223484848484986,-55.32472451790727,-37.377156177156394,21.109988776655882,-27.222424242423585,-20.452525252526357,-5.849927849927553,11.975177798391996,24.070833333333553,-17.730515151514737,-61.715075757576415,-16.41540404040461,-33.72208193041661,-28.58703703703668,,,-21.301850649349582,-72.07613318054518,-80.13235294117642,-17.732283084206863,,261.3333333333333,0.0
1975,11.997121083827265,331.13,,,,,,,,,,17.78,2.23,-56.15358585858576,-36.49015151515232,-37.178194993413854,-29.980632411067745,-48.723484848484986,-53.82472451790727,-29.543822843823364,-31.390011223344118,-38.82242424242395,27.55505050504962,-69.94516594516608,-16.152094928880615,18.591666666666924,-40.31384848484868,-52.67507575757645,-28.78661616161662,-47.08319304152701,2.41296296296332,,,-21.73851731601626,-69.32613318054518,-73.09313725490189,-36.46784147146395,,262.26666666666665,0.0
1976,12.23325,332.03,,,,,,,,,,25.823529411764707,4.372549019607843,-32.65358585858576,-1.99015151515232,-41.928194993413854,-42.563965744400775,-30.806818181818016,60.50860881542576,-38.543822843823364,24.359988776655882,-54.458787878787916,-9.119191919192417,-51.76659451659452,10.15851113172539,13.112500000000296,-24.480515151514737,-29.056893939394286,-36.78661616161662,-78.49985970819398,35.24629629629635,,,-22.175183982682938,43.757200152787846,-66.05392156862736,-16.884188274856857,,261.8,0.0
1977,12.032303839732888,333.84,,,,,,,,,,3.78,1.84,7.7630808080803035,13.42651515151374,13.155138339919176,8.186034255599225,16.359848484848044,34.0919421487597,54.456177156176636,25.443322109988912,5.094242424243021,-28.80858585858641,14.316738816738507,65.74184446505933,7.633333333333667,26.352818181818293,4.024924242423367,19.21338383838338,4.250140291806019,26.712962962963502,,,8.924816017317426,17.507200152787846,-59.014705882352835,17.695397052096844,,262.3333333333333,0.0
1978,11.482453416149069,335.41,,,,,,,,,,8.256880733944953,5.1192660550458715,-19.236919191919696,14.50984848484768,20.905138339919176,-12.563965744400775,103.52651515151501,34.0919421487597,8.706177156176636,37.10998877665588,-0.731515151514941,-9.952525252526357,-7.607503607503531,81.15851113172539,2.154166666667038,-0.23051515151473723,-16.62507575757627,1.963383838383379,5.045594837260978,-5.00370370370365,-81.10489510489606,,30.674816017317426,18.300678413657412,-51.97549019607831,8.363519726013642,,262.8,0.0
1979,11.687195600942655,336.84,,,,,,,,,,11.934579439252337,6.785046728971962,-6.9869191919196965,26.00984848484768,49.488471673253116,-45.355632411067745,19.693181818181984,34.0919421487597,32.789510489510576,-4.829405162738112,3.5412121212120837,5.630808080807583,-13.316594516594705,33.175177798392724,-3.3249999999995907,16.852818181818293,-3.875075757576269,19.88005050505035,23.08347362513905,26.91296296296332,32.213286713285925,,29.258149350650456,19.094156674526975,-44.93627450980378,13.564740264734256,,261.1333333333333,0.0
1980,11.29413654618474,338.76,,,,,,,,,,8.761904761904763,6.752380952380952,-22.220252525252363,-6.15681818181929,30.405138339919176,-28.855632411067745,-10.905303030303003,34.0919421487597,32.43534382284389,-29.723344556678057,-12.82242424242395,-12.369191919192417,-9.683261183261493,-14.333913110698631,-8.80416666666622,19.352818181818293,-5.041742424243239,20.88005050505035,-7.249859708193981,-37.987037037036316,15.9405594405589,,1.3414826839843954,19.88763493539654,-37.89705882352925,-6.436984186990551,,262.2,0.0
1981,11.949333333333334,340.12,,,,,,,,,,13.280373831775702,3.6448598130841123,2.4297474747472734,-19.65681818181929,45.655138339919176,-32.25335968379477,13.776515151515014,34.0919421487597,32.081177156177205,-39.97334455667806,24.84424242424302,-27.285858585859387,1.4834054834054768,82.82517779839236,-14.283333333332848,18.936151515151323,5.291590909090701,47.54671717171732,1.5001402918060194,-13.92037037036971,-7.188228438229089,,-27.491850649349544,20.681113196266107,-30.85784313725472,3.4575368200308327,,261.8666666666667,0.0
1982,12.671604938271606,341.48,,,,,,,,,,18.513761467889907,4.055045871559633,10.270656565656282,-14.24015151515232,15.655138339919176,-12.063965744400775,40.6098484848485,34.0919421487597,31.72701048951052,17.276655443321943,42.277575757576415,21.047474747473643,39.48340548340548,33.82517779839236,-61.05000000000018,46.35281818181829,9.458257575756761,10.463383838383379,34.58347362513905,-5.787037037036498,-11.104895104896059,-30.9375,-8.484274891773566,21.474591457135674,-23.818627450980202,7.612566281310188,,261.1333333333333,1.137732
1983,12.360562310030396,343.15,,,,,,,,,,22.882882882882882,4.513513513513513,18.846414141414243,0.4265151515137404,52.662714097495154,-65.58063241106811,67.44318181818198,34.0919421487597,31.372843822843834,15.609988776655882,32.59424242424302,45.29747474747364,36.78340548340566,58.75699598021038,15.25,45.60281818181829,18.2915909090907,12.546717171717319,37.58347362513905,-5.787037037036498,-3.938228438229089,-17.229166666666515,-0.9918506493495443,22.268069718005236,-16.77941176470567,23.24592631310702,,261.0,1.919612
1984,11.661634805537245,344.87,,,,,,,,,,12.68503937007874,1.6771653543307086,12.763080808080304,-13.429545454546314,-6.928194993413854,-58.18063241106802,-3.140151515151956,34.0919421487597,31.018677156177148,14.859988776655882,-6.422424242424313,6.880808080807583,-19.230880230879848,82.30245052566534,91.55000000000018,18.102818181818293,9.208257575756761,4.963383838383379,52.389029180694706,-5.787037037036498,-13.354895104896059,-3.52083333333303,-37.908517316015605,23.061547978874803,-9.74019607843114,11.12261028101185,,261.6,0.0
1985,11.335122897800776,346.35,,,,,,,,,,15.822222222222223,16.785185185185185,23.096414141414243,-8.793181818183257,53.155138339919176,-50.78063241106793,1.6098484848480439,34.0919421487597,30.664510489510462,-1.7233445566780574,34.05257575757605,9.547474747473643,15.210678210678452,41.57517779839236,84.05000000000018,-1.063848484848677,7.124924242423731,13.241161616161662,17.41680695847299,-5.787037037036498,-8.438228438229089,-2.02083333333303,-2.6585173160156046,23.85502623974437,-2.700980392156623,11.95826539687954,,261.6,0.0
1986,11.703223880597015,347.61,,,,,,,,,,15.75,7.635135135135135,-2.0702525252527266,-8.40681818181929,5.480895915677138,-43.380632411067836,-2.9734848484849863,34.0919421487597,30.310343822843777,-9.723344556678057,9.260909090909081,-10.235858585859205,-16.849927849927553,83.90851113172585,76.55000000000018,-74.0221818181817,-20.12507575757627,-22.86994949494965,-9.408950617284972,-5.787037037036498,-6.188228438229089,5.72916666666697,-38.158517316015605,24.64850450061393,4.338235294117908,-13.370774554467062,,261.1333333333333,0.0
1987,11.572670454545456,349.31,,,,,,,,,,17.774834437086092,14.562913907284768,34.0130808080803,8.065404040403337,53.905138339919176,-35.980632411067745,23.185606060606005,34.0919421487597,29.95617715617709,6.625140291806929,129.77757575757641,34.16414141414043,-0.6984126984125396,126.24184446505933,69.05000000000018,-34.98051515151474,22.87492424242373,12.130050505050349,43.50014029180602,-5.787037037036498,3.061771561770911,32.64583333333303,5.424816017317426,25.441982761483498,11.377450980392439,27.291523933429318,,261.1333333333333,4.693255
1988,12.375654596100278,351.69,,,,,,,,,,12.337662337662337,1.87012987012987,41.84641414141424,-15.15681818181929,76.48089591567714,9.019367588932255,40.776515151515014,34.0919421487597,29.602010489510405,19.109988776655882,152.37757575757587,35.63080808080758,65.7561327561325,73.57517779839236,61.55000000000018,-68.8062727272727,20.7915909090907,25.04671717171732,22.75014029180602,-5.787037037036498,-24.43822843822909,7.22916666666697,35.60663419913544,26.235461022353064,18.41666666666697,29.778470695825845,,261.8,1.326287
1989,12.836683417085426,353.2,,,,,,,,,,20.897435897435898,4.205128205128205,43.67974747474727,-16.15681818181929,52.905138339919176,66.51936758893225,-13.723484848484986,34.0919421487597,29.24784382284372,15.526655443321943,-75.82242424242395,-15.952525252526357,-3.8023088023091987,12.432320655535477,54.05000000000018,-68.8062727272727,15.208257575756761,18.88005050505035,14.75014029180602,-5.787037037036498,47.39510489510394,-4.4375,-31.408517316015605,27.028939283222627,78.75,13.806251394275819,,261.46666666666664,4.048687
1990,12.916012725344643,354.45,78.86128409910977,140.27619863143332,16.67193451024827,93.02918456852169,93.07602989063926,124.65911568848469,3.2369183832628603,11.243910824025935,561.0545765957257,22.51497005988024,2.55688622754491,27.263080808080304,-17.15681818181929,31.405138339919176,-59.980632411067745,-49.223484848484986,34.0919421487597,28.893677156177034,-17.556677890011088,27.17757575757605,29.964141414140613,6.483405483405477,12.780534941249698,46.55000000000018,-68.8062727272727,-23.04174242424324,-0.9532828282826813,-5.833193041527011,-5.787037037036498,57.14510489510394,-4.6875,-27.908517316015605,27.822417544092193,28.083333333333336,-0.6961845758147709,12.10344827586207,260.6666666666667,4.585593
1991,11.920995893223818,355.7,80.0992869932507,152.29177049875665,17.388498213144622,102.68097196325392,91.9861757136245,127.46227343792127,3.2557723444055564,11.317057645836806,586.481806810194,23.767857142857142,7.714285714285714,-5.403585858585757,-18.15681818181929,-21.261528326746884,-83.98063241106775,-51.05681818181802,34.0919421487597,28.53951048951035,-59.80667789001109,-4.822424242423949,102.13080808080758,-77.26659451659452,13.128749226963919,39.05000000000018,-68.8062727272727,-27.7084090909093,-20.53661616161662,-42.83319304152701,-5.787037037036498,41.89510489510394,1.9791666666669698,-86.82518398268257,28.61589580496176,-22.58333333333333,-19.763105604093653,12.068669527896995,261.6666666666667,1.77814
1992,12.275700458481916,356.54,81.3667673458075,139.7709172768866,18.11222176914454,98.85212229628036,91.42981699064168,131.68844122439887,3.2445932599140015,11.301679915383316,575.7665600784569,18.66470588235294,4.658823529411765,-1.1535858585857568,-19.15681818181929,-16.094861660080824,-122.25335968379477,-33.390151515151956,34.0919421487597,28.185343822843663,-43.89001122334412,-101.32242424242395,15.964141414140613,213.48340548340548,13.47696351267814,46.05000000000018,-68.8062727272727,-17.511439393940236,-30.95328282828268,-23.16652637486095,-5.787037037036498,43.97843822843697,6.89583333333303,19.591482683984395,29.409374065831322,-73.25,-7.313896352322786,11.846153846153847,261.0,0.894231
1993,11.930450953045096,357.21,69.07422669211317,134.2124097523877,18.839787767487437,95.21627705013778,90.27027439309349,132.03121358647223,3.293268985692783,11.311418745584048,554.2488769729687,14.282608695652174,6.070652173913044,27.679747474747273,-20.15681818181929,38.696805006586146,-117.48063241106775,-2.4734848484849863,34.0919421487597,27.831177156176977,-13.829405162738112,-47.155757575757285,69.63080808080758,201.88340548340548,13.82517779839236,-37.05000000000018,-68.8062727272727,12.124924242423731,22.38005050505035,20.00014029180602,-5.787037037036498,52.14510489510394,10.97916666666697,-44.991850649349544,30.20285232670089,-70.125,3.688325134995986,10.995744680851065,262.26666666666665,2.497206
1994,13.246978021978023,358.96,65.98090568237366,135.14122937611165,19.156823709210872,88.70464055764067,89.43589631402479,132.8198732314649,3.3343834380954314,10.620687682670937,545.1944399915928,27.53475935828877,1.7486631016042782,55.84641414141424,-21.15681818181929,50.488471673253116,55.519367588932255,40.526515151515014,34.0919421487597,27.477010489510292,36.94332210998891,7.010909090909379,52.55505050504962,190.2834054834055,46.66608688930137,-20.90454545454486,-68.8062727272727,39.62492424242373,45.21338383838338,-5.624859708193981,-5.787037037036498,48.81177156177091,16.64583333333303,-1.6585173160156046,30.996330587570455,-67.0,32.90380132547222,10.864406779661017,261.8,0.211631
1995,12.93383017163505,360.97,68.50885523651493,135.78017006689737,19.372943282580326,88.57623390867384,90.05277283434422,134.74919885954165,3.3393606289325994,11.068246500882143,551.4477813183671,26.677248677248677,3.9894179894179893,55.42974747474727,-22.15681818181929,63.905138339919176,-16.680632411067563,19.609848484848044,34.0919421487597,27.122843822843606,44.69332210998891,61.17757575757605,65.21414141414061,178.68340548340547,-3.75815553494067,-2.5333333333328483,-68.8062727272727,20.579469696968772,57.29671717171732,59.08347362513905,-5.787037037036498,50.1361763236755,4.335227272727025,18.341482683984395,31.789808848440018,-63.875,31.587791105017278,11.139240506329115,261.46666666666664,1.440986
1996,11.906263882718791,362.74,72.08758176342955,137.86532883552678,19.369686774334482,98.48456005595041,90.9141372092659,136.49751773678938,3.3441451024409683,11.20248020797028,569.7654376857078,16.489583333333332,8.276041666666666,48.2630808080803,-23.15681818181929,8.571805006586146,19.4415898111547,2.859848484848044,34.0919421487597,47.78951048951012,-0.7233445566780574,57.84424242424302,58.79747474747364,167.08340548340547,15.74184446505933,62.13333333333321,-68.8062727272727,40.5415909090907,62.79671717171732,26.16680695847299,-5.787037037036498,51.46058108558009,81.8125,45.091482683984395,32.58328710930958,-60.75,41.179628164262645,11.243697478991596,261.8666666666667,0.01202
1997,13.237538461538461,363.88,67.71244793253716,136.68450847089923,19.32243283841273,93.56803541506743,90.90524617328253,139.18668121708458,3.379821771939996,10.981905482336392,561.74107930156,21.29230769230769,5.835897435897436,57.84641414141424,-24.15681818181929,17.571805006586146,55.56381203337696,6.526515151515014,34.0919421487597,68.45617715617664,15.943322109988912,-45.25099567099551,142.241919191918,155.48340548340548,35.24184446505933,36.30000000000018,-68.8062727272727,49.943106060605714,76.29671717171732,44.58347362513905,-5.787037037036498,52.78498584748468,46.86250000000018,49.25814935065106,33.37676537017915,-57.625,50.574728849466474,10.661087866108787,261.53333333333336,0.019542
1998,12.56346499102334,366.84,80.07309258934811,130.65582599231692,19.73307140681372,98.27810547066758,91.03357132661424,141.5446325148406,3.517638222562422,12.676552099852753,577.5124896230163,23.394736842105264,3.9789473684210526,42.84641414141424,-25.15681818181929,30.655138339919176,91.68603425559922,24.609848484848044,34.0919421487597,13.706177156176636,23.776655443321943,-11.489090909090919,122.06414141414098,71.98340548340548,52.408511131725845,2.1055555555558385,-68.8062727272727,23.424924242423913,59.04671717171732,22.25014029180602,-5.787037037036498,54.109390609389266,48.51250000000016,53.42481601731773,34.17024363104871,-54.5,36.37457556658719,11.7,261.93333333333334,0.288656
1999,12.991107871720118,368.54,73.1031078213036,127.90910563695176,19.97215145170238,99.99038553952172,91.4163046347898,143.96118983703087,3.5479937217473245,12.288770626818607,572.1890092698661,23.137931034482758,2.925287356321839,49.59641414141424,25.25984848484768,76.65513833991918,49.686034255599225,11.443181818181984,34.0919421487597,21.539510489510576,11.526655443321943,32.76090909090908,106.94562289562236,114.73340548340548,69.57517779839236,-20.53333333333285,-68.8062727272727,52.42492424242391,65.46338383838338,26.16680695847299,-5.787037037036498,17.06177156177091,50.162500000000136,57.591482683984395,34.96372189191828,-51.375,34.045909143957616,11.5850622406639,261.8,23.559935
2000,13.174625422909617,369.71,71.7197435957744,124.70709643933391,20.377781709089252,96.5253988273197,93.81358634369093,143.9701545174369,3.689616015626522,11.94318561932063,566.7465630675922,21.367816091954023,1.5114942528735633,76.17974747474727,31.34318181818071,91.48847167325312,73.01936758893225,69.35984848484804,34.0919421487597,45.956177156176636,37.19332210998891,34.01090909090908,91.82710437710375,157.48340548340548,86.74184446505888,-22.199999999999818,-68.8062727272727,76.70825757575676,75.13005050505035,68.00014029180602,-5.787037037036498,17.97843822843697,51.812500000000114,61.841482683984395,35.757200152787846,-48.25,58.0781250198915,11.438016528925619,261.2,0.0
2001,12.75603015075377,371.32,64.83795715996457,127.7380150916993,20.619044335106075,102.39201096666386,93.59848001128739,147.08461898994815,3.450893374861207,12.701908890640915,572.4229288201715,25.906976744186046,3.866279069767442,68.34641414141424,35.00984848484768,81.07180500658615,56.11027667984126,66.27651515151501,34.0919421487597,54.789510489510576,36.69332210998891,82.17757575757605,76.70858585858514,82.85840548340548,103.90851113172539,7.800000000000182,-68.8062727272727,69.5415909090907,49.90782828282772,37.33347362513905,-5.787037037036498,42.14510489510394,53.46250000000009,56.78845238095346,202.59053348612088,-45.125,60.456898223091486,11.49236578558529,259.6,0.234469
2002,13.26589186457807,373.45,67.33358746822236,123.99213108557989,20.89401512859764,98.18190966181021,91.73824421433669,147.95191190211105,4.373691049852164,14.04555230237749,568.5110428128875,18.708333333333332,2.2857142857142856,79.67974747474727,29.570454545453686,99.38998682476813,42.769367588932255,43.54924242424204,34.0919421487597,54.789510489510576,48.85998877665588,69.42757575757605,61.590067340066526,66.98340548340548,126.20017779839236,19.050000000000182,-68.8062727272727,64.20825757575676,119.88005050505035,19.277918069583393,-5.787037037036498,47.56177156177091,55.11250000000007,42.87936147186247,75.12083651642388,-5.795454545454959,57.96678879548204,11.464448793215917,260.0,2.077017
2003,13.528214285714286,375.98,70.72371619664908,122.59074656479054,21.074865840170197,103.91016899319365,88.32486130192413,147.56224890436508,3.6105235870090455,13.914347748882339,571.711479136984,48.24260355029586,5.153846153846154,68.17974747474727,36.25984848484768,67.48847167325312,-0.14729907773471496,70.73106060606005,34.0919421487597,48.289510489510576,28.109988776655882,16.67757575757605,46.47154882154791,62.98340548340548,116.13073335394802,8.550000000000182,-68.8062727272727,49.5415909090907,67.21338383838338,63.13650392816999,-5.787037037036498,33.14510489510394,56.762500000000045,76.67481601731743,75.12083651642388,-13.068181818181984,48.61206096158761,11.971488741292728,260.2,10.060867
2004,12.602074898785425,377.7,69.25806441768604,117.46292593386353,20.95936158089779,108.81410651238235,89.50584583852851,147.71092291860262,3.6173094108409214,13.99624474606561,571.3247813588674,24.426900584795323,2.7251461988304095,59.0130808080803,53.84318181818071,69.40513833991918,13.852700922265285,31.387626262626327,34.0919421487597,33.039510489510576,27.026655443321943,26.92757575757605,31.3530303030293,52.81673881673851,100.0297232529374,10.550000000000182,-68.8062727272727,60.7915909090907,63.54671717171732,39.08347362513905,-5.787037037036498,41.39510489510394,58.41250000000002,36.674816017317426,75.09053348612088,-14.16666666666697,42.71897535010569,12.375281622143547,260.4,0.0
2005,12.574121242995416,379.98,74.3845526150887,118.14991357787598,20.796147017994144,107.84899493977684,88.79485175238463,145.1518104630351,3.5107688946977014,13.303123830446502,571.9401630912996,29.403508771929825,6.356725146198831,11.763080808080304,15.09318181818071,35.238471673253116,-3.5639657444007753,-27.723484848484986,34.0919421487597,-11.793822843823364,-8.056677890011088,12.760909090909081,4.547474747473643,7.233405483405477,95.77517779839218,-11.533333333332848,-68.8062727272727,36.7915909090907,23.38005050505035,10.16680695847299,-5.787037037036498,22.81177156177091,60.0625,-21.825183982682574,19.590533486120876,-64.33333333333303,10.319257643206583,12.501998401278977,260.1333333333333,0.016063
2006,13.316237113402062,382.09,70.20326285110201,117.35081629283346,20.748584811223232,103.34679337394897,87.9040377783132,144.94977159621996,3.7587208048046454,12.943528294009733,561.2055158024552,33.78313253012048,5.831325301204819,51.59641414141424,16.34318181818071,56.488471673253116,19.473913043477296,62.45833333333303,34.0919421487597,29.956177156176636,20.359988776655882,23.76090909090908,21.547474747473643,28.900072150072447,91.37517779839254,-10.02142857142826,-68.8062727272727,86.45825757575676,66.63005050505035,41.58347362513905,-5.787037037036498,21.22843822843697,72.77678571428532,-2.7418506493495443,61.66629106187884,-20.41666666666697,36.97117322762206,12.563532401524778,261.6,0.0
2007,12.823152173913043,384.02,69.77378762605385,116.18479311905806,20.63148598766837,96.1065966649029,88.29948901441675,143.67077405917618,3.821446517739688,12.184182548732842,550.6725555377486,12.73913043478261,4.0186335403726705,48.5130808080803,19.92651515151374,67.98847167325312,41.81936758893244,38.19318181818198,34.0919421487597,6.706177156176636,19.026655443321943,76.17757575757605,4.297474747473643,45.23340548340548,131.975177798392,6.466666666667152,-68.8062727272727,52.7915909090907,43.63005050505035,23.227413019078995,-5.787037037036498,31.72843822843697,8.262499999999818,-6.075183982682574,48.673866819454815,-24.91666666666697,34.182287946236826,12.734732523275998,261.2,0.378226
2008,12.447006651884701,385.83,68.91581393988255,109.0801067127778,20.7121844737543,103.34584971570415,90.38690636757316,137.3747676694839,3.733308979815828,12.11241305106873,545.6613509100604,14.844155844155845,1.5389610389610389,74.84641414141424,43.84318181818071,69.73847167325312,-13.980632411067745,74.10984848484804,34.0919421487597,39.0319347319346,39.44332210998891,38.92757575757605,-17.535858585859387,156.48340548340548,140.68426870748317,20.21666666666715,-68.8062727272727,62.7915909090907,71.79671717171732,50.91680695847299,-5.787037037036498,92.8236763236755,70.0625,27.174816017317426,74.17386681945482,1.25,51.37443705631947,12.793979303857009,259.73333333333335,0.116557
2009,12.727484020918071,387.64,66.76302215207592,89.93031255146373,20.17336797203766,105.71736844131189,89.37155836783825,136.9387648145463,3.792542208278821,11.648843757823904,524.3357802653765,25.283783783783782,6.70945945945946,85.42974747474727,67.84318181818071,71.82180500658615,137.51936758893225,70.85984848484804,34.0919421487597,69.6228438228436,48.44332210998891,21.59424242424302,39.264141414140795,101.53340548340566,149.39335961657434,72.13333333333321,-68.8062727272727,68.7915909090907,81.63005050505035,70.58347362513905,-5.787037037036498,111.72843822843697,114.5625,69.1520887445904,79.59053348612088,6.58333333333303,75.60774746979894,11.652905436983954,260.46666666666664,4.678934
2010,11.520774431468961,390.1,66.95832123008246,95.9390474868605,20.25564907928468,104.79100063500582,86.8262933138088,137.97744008266304,3.8073947983399963,10.996933880572113,527.5520805066174,20.928057553956833,13.474820143884893,96.84641414141424,299.3431818181807,65.40513833991918,39.852700922265285,71.02651515151501,34.0919421487597,81.1228438228436,46.69332210998891,17.09424242424302,61.96414141414061,46.58340548340584,141.24184446505933,99.80000000000018,-68.8062727272727,95.0415909090907,95.96338383838338,62.33347362513905,-5.787037037036498,143.97843822843697,149.89583333333303,72.3414826839844,123.61434300993096,12.41666666666697,91.12794811939708,11.594427244582045,260.73333333333335,8.243028
2011,13.366276202219481,391.85,61.19809595759032,92.54905605355509,19.243180641439242,89.46207203555255,86.43394016143148,139.21647565210515,3.7610016390117926,12.102823720091965,503.9666458607776,18.345588235294116,3.1911764705882355,57.2630808080803,75.09318181818071,54.321805006586146,19.719367588932073,18.526515151515014,34.0919421487597,33.456177156176636,23.526655443321943,6.086666666667043,30.264141414140795,47.48340548340548,135.74184446505933,31.7318181818182,-68.8062727272727,36.0415909090907,74.38005050505035,21.04559483726098,-5.787037037036498,67.72843822843697,84.22916666666697,2.2581493506504557,36.590533486120876,-18.91666666666697,41.8285758250247,11.405672009864366,260.53333333333336,0.0
2012,12.439371069182389,394.06,62.87881691494981,88.77400429273956,18.87263041125907,96.79411846739453,85.58050663330967,137.70557296751736,3.789457624639071,11.36834911048996,505.76345642229904,22.637037037037036,8.881481481481481,64.92974747474727,70.25984848484768,67.90513833991918,38.102700922265285,44.109848484848044,34.0919421487597,51.956177156176636,25.526655443321943,49.51090909090908,37.08914141414061,62.40007215007245,139.07517779839236,24.822727272727207,-68.8062727272727,33.5415909090907,84.04671717171732,43.50014029180602,-5.787037037036498,71.22843822843697,68.47916666666697,19.841482683984395,51.673866819454815,-15.41666666666697,51.6291440068429,10.942295887047269,260.46666666666664,0.0
2013,11.92957095709571,396.74,60.82966382862041,90.10126201535806,17.04340912381781,99.03061338773298,85.4258673261924,137.2884962369807,3.8018355746548758,12.031435705591294,505.55258319894847,23.068181818181817,6.0,79.84641414141424,79.00984848484768,77.15513833991918,29.769367588932255,65.60984848484804,34.0919421487597,77.45617715617664,36.19332210998891,32.67757575757605,74.79747474747364,45.15007215007245,143.49184446505933,49.00454545454522,-68.8062727272727,54.62492424242373,95.71338383838338,54.66680695847299,-5.787037037036498,88.81177156177091,92.64583333333303,100.25814935065046,83.42386681945482,17.75,68.90281824926714,10.77322738386308,260.53333333333336,0.881992
2014,13.425326909841706,398.81,47.198924241184955,87.08646314162546,16.28245293301821,82.29921751970625,87.01473273860282,136.8962473553705,3.8236418557456515,12.108342270887391,472.7100220561412,12.73015873015873,0.7698412698412699,142.5130808080803,137.8431818181807,127.57180500658615,84.35270092226529,124.52651515151501,34.0919421487597,128.70617715617664,90.27665544332194,58.34424242424302,153.4641414141406,107.73340548340548,198.07517779839236,95.27727272727316,-68.8062727272727,117.0415909090907,150.96338383838338,113.58347362513905,-5.787037037036498,130.72843822843697,136.72916666666697,147.0611796536814,136.25720015278785,127.0,125.40243946138835,10.194765672550213,259.26666666666665,0.642652
2015,13.189183222958055,401.01,49.955575936633124,84.6360066664399,15.221141124355743,85.44367448592993,86.5045246878633,138.33913256655404,3.8279777005928985,12.063351231699283,475.9913844000682,30.764705882352942,1.4873949579831933,66.67974747474727,52.25984848484768,84.73847167325312,50.186034255599225,29.876515151515378,34.0919421487597,50.372843822843606,33.261503928170896,41.34424242424302,15.064141414140977,65.98340548340548,154.9085111317254,55.650000000000546,-68.8062727272727,41.20825757575676,78.13005050505035,48.16680695847299,-5.787037037036498,72.31177156177091,77.39583333333303,74.5914826839844,49.848109243696854,-4.33333333333303,56.88221218866124,9.818181818181818,260.8,1.222902
2016,12.824598930481285,404.41,53.5094247229998,84.26837039095062,15.264219579609865,85.88353156455861,84.91356485646929,138.7009240749114,3.8315764052410364,11.366420021515161,477.73803161625574,27.19298245614035,2.192982456140351,97.0130808080803,65.57045454545369,95.23847167325312,59.564822134387214,64.27651515151501,34.0919421487597,77.78951048951058,60.27665544332194,64.01090909090908,78.88080808080758,80.73340548340548,170.6585111317254,23.71666666666715,-68.8062727272727,74.62492424242373,107.96338383838338,68.25014029180602,-5.787037037036498,83.72843822843697,91.3125,82.50814935065046,120.92386681945482,74.14999999999964,82.05956067350958,9.776704888352445,260.0,3.136795
2017,12.969273301737756,406.76,57.23887693795957,83.98590223806832,15.31225055770833,85.30805237038376,84.59576250987497,138.61325261289468,3.836976374383619,11.121472836135124,480.01254643740833,31.01801801801802,4.4324324324324325,72.92974747474727,21.54318181818053,96.65513833991918,71.01936758893225,25.776515151515014,34.0919421487597,50.872843822843606,49.44332210998891,88.84424242424302,57.46414141414061,87.15007215007245,164.4085111317254,22.550000000000182,-68.8062727272727,49.2915909090907,85.21338383838338,59.75014029180602,-5.787037037036498,-9.604895104896059,51.0625,47.32481601731706,52.340533486120876,-6.08333333333303,56.89759097653987,9.85576923076923,260.0,0.703856
2018,13.517036450079239,408.72,47.8432862643584,82.30458649569584,15.03117224216328,81.17625333919197,83.6893658976948,135.71330091074543,3.837427646592418,11.053559685404966,460.6489524818471,34.01801801801802,3.3423423423423424,114.67974747474727,111.7522727272717,94.48847167325312,46.269367588932255,68.60984848484804,34.0919421487597,108.0117327117323,63.52665544332194,54.09424242424302,152.4641414141406,85.73340548340548,163.24184446505933,94.64090909090919,-68.8062727272727,85.95825757575676,115.54671717171732,85.41680695847299,-5.787037037036498,125.52010489510394,131.97916666666697,98.92481601731743,93.67386681945482,38.25,96.63911875431772,9.784560143626571,260.1333333333333,1.139294
2019,13.444393939393938,411.65,46.02732033940712,79.63676691121555,16.274205772663606,77.81972081665862,81.8138922423373,134.4903984774203,3.8513979633614372,10.938567289039014,450.8522698121029,35.675438596491226,1.5701754385964912,129.5130808080803,92.20681818181674,128.40513833991918,84.51936758893225,88.94318181818198,34.0919421487597,109.45617715617664,83.60998877665588,83.59424242424302,136.79747474747364,125.3167388167385,194.1585111317254,72.05000000000018,-68.8062727272727,93.95825757575676,131.96338383838338,97.33347362513905,-5.787037037036498,85.12237762237692,104.0625,98.25814935065046,114.00720015278785,54.25,105.3763030977519,9.490464839094159,260.46666666666664,0.509201
2020,13.76282919488337,414.21,40.900744178015124,70.99410940673349,16.212316114268212,73.00696825865987,81.30261185156257,113.65885642482507,3.853180106152119,11.857557380216008,411.78634372043246,31.208333333333332,0.7083333333333334,150.92974747474727,75.20681818181674,141.15513833991918,102.26936758893225,116.02651515151501,34.0919421487597,134.95617715617664,102.19332210998891,89.34424242424302,122.63080808080758,143.65007215007245,216.9085111317254,61.13333333333321,-68.8062727272727,113.92492424242391,154.13005050505035,118.08347362513905,-5.787037037036498,93.89510489510394,107.8125,109.92481601731743,142.42386681945482,75.58333333333303,118.609106128055,8.620178041543026,259.93333333333334,1.236278
2021,12.644590417310665,416.41,42.92557950880811,77.26471052385618,15.70788940095886,75.69246428052506,80.38573256899717,127.77999445115165,3.853180106152119,11.63857241563786,435.248123256087,18.446428571428573,3.6517857142857144,127.2630808080803,78.09318181818071,113.65513833991918,77.76936758893225,83.02651515151501,34.0919421487597,103.95617715617664,66.2433221099891,58.76090909090908,94.74985569985529,114.3167388167385,194.9085111317254,61.88333333333321,-68.8062727272727,66.87492424242373,131.49368686868638,86.50014029180602,-5.787037037036498,93.56177156177091,102.0625,73.60663419913544,116.75720015278785,37.91666666666697,94.1699827514316,9.164818920916481,258.8666666666667,6.521061
2022,14.258352758352759,418.53,44.00397274030163,70.53508951848288,15.700513732299395,64.36194226815567,76.87720655324057,131.96621135040158,3.9162549581837163,11.256233487663547,418.617424608729,46.638888888888886,2.9537037037037037,124.0130808080803,61.67651515151374,124.84453227931317,100.76936758893225,74.44318181818198,34.0919421487597,102.8728438228436,93.69332210998891,79.51090909090908,161.03556998556905,127.3167388167385,199.48426870748335,51.46666666666715,-68.8062727272727,75.37492424242373,132.71338383838338,87.91680695847299,-5.787037037036498,72.06177156177091,98.64583333333303,32.091482683984395,103.42386681945482,34.5,96.89275331420222,9.14580265095729,259.73333333333335,0.0
2023,14.09898753894081,421.08,36.96199449802448,63.31302044805736,15.65307863642262,57.453825224780715,76.34424100024502,126.36682550487112,3.9162549581837163,11.13943310487639,391.1486733754614,37.05607476635514,1.5700934579439252,174.7630808080803,99.09318181818071,167.98847167325312,152.01936758893225,132.60984848484804,34.0919421487597,110.3728438228436,136.10998877665588,125.26090909090908,158.73686868686764,183.23340548340548,248.24184446505933,79.71666666666715,-68.8062727272727,146.20825757575676,176.21338383838338,128.25014029180602,-5.787037037036498,119.69510489510412,115.22916666666697,102.92481601731743,167.92386681945482,88.33333333333303,140.64622734017627,8.554658840792369,258.73333333333335,2.197972
2024,13.645560747663552,424.61,33.1962659408233,62.433983027398085,15.65307863642262,57.05719706717845,75.96872834514379,124.89517965634145,3.9162549581837163,11.13943310487639,373.1206876314914,25.35514018691589,3.0654205607476634,192.27974747474764,143.50984848484768,183.40513833991918,153.85270092226529,166.026515151515,34.0919421487597,171.22284382284397,144.9433221099889,126.34424242424302,164.03556998556905,191.3167388167385,263.24184446505933,108.30000000000018,-68.8062727272727,163.0415909090907,193.21338383838338,151.166806958473,-5.787037037036498,137.64510489510394,144.14583333333303,129.97027056277238,174.92386681945482,85.58333333333303,159.4084351323841,8.230994152046783,259.2,0.0
2025,13.73605919003115,427.35,33.1962659408233,62.433983027398085,15.65307863642262,0.0,75.96872834514379,124.89517965634145,0.0,11.13943310487639,0.0,37.242990654205606,2.196261682242991,186.5130808080803,80.44318181818107,83.77180500658596,69.18603425559922,138.60984848484804,34.0919421487597,162.45617715617664,98.44332210998891,40.01090909090908,144.9641414141406,112.3167388167385,202.9085111317254,79.71666666666715,-68.8062727272727,158.95825757575676,190.63005050505035,145.33347362513905,-5.787037037036498,93.22843822843697,134.5625,96.25814935065046,156.92386681945482,71.08333333333303,122.31592430987311,8.230994152046783,260.26666666666665,0.0
2026,8.428348909657322,427.35,33.1962659408233,62.433983027398085,15.65307863642262,0.0,75.96872834514379,124.89517965634145,0.0,11.13943310487639,0.0,0.0,1.4766355140186915,186.5130808080803,80.44318181818107,83.77180500658596,69.18603425559922,138.60984848484804,34.0919421487597,162.45617715617664,98.44332210998891,40.01090909090908,144.9641414141406,112.3167388167385,202.9085111317254,79.71666666666715,-68.8062727272727,158.95825757575676,190.63005050505035,145.33347362513905,-5.787037037036498,93.22843822843697,134.5625,96.25814935065046,156.92386681945482,71.08333333333303,122.31592430987311,8.230994152046783,259.2,0.0
